ARM GAS  C:\Users\lenovo\AppData\Local\Temp\cc6ILcy0.s 			page 1


   1              		.syntax unified
   2              		.cpu cortex-m3
   3              		.fpu softvfp
   4              		.eabi_attribute 20, 1
   5              		.eabi_attribute 21, 1
   6              		.eabi_attribute 23, 3
   7              		.eabi_attribute 24, 1
   8              		.eabi_attribute 25, 1
   9              		.eabi_attribute 26, 1
  10              		.eabi_attribute 30, 1
  11              		.eabi_attribute 34, 1
  12              		.eabi_attribute 18, 4
  13              		.thumb
  14              		.syntax unified
  15              		.file	"cyfitter_cfg.c"
  16              		.text
  17              	.Ltext0:
  18              		.cfi_sections	.debug_frame
  19              		.section	.text.CyClockStartupError,"ax",%progbits
  20              		.align	2
  21              		.thumb
  22              		.thumb_func
  23              		.type	CyClockStartupError, %function
  24              	CyClockStartupError:
  25              	.LFB3:
  26              		.file 1 "Generated_Source\\PSoC5\\cyfitter_cfg.c"
   1:Generated_Source\PSoC5/cyfitter_cfg.c **** 
   2:Generated_Source\PSoC5/cyfitter_cfg.c **** /*******************************************************************************
   3:Generated_Source\PSoC5/cyfitter_cfg.c **** * File Name: cyfitter_cfg.c
   4:Generated_Source\PSoC5/cyfitter_cfg.c **** * 
   5:Generated_Source\PSoC5/cyfitter_cfg.c **** * PSoC Creator  4.4
   6:Generated_Source\PSoC5/cyfitter_cfg.c **** *
   7:Generated_Source\PSoC5/cyfitter_cfg.c **** * Description:
   8:Generated_Source\PSoC5/cyfitter_cfg.c **** * This file contains device initialization code.
   9:Generated_Source\PSoC5/cyfitter_cfg.c **** * Except for the user defined sections in CyClockStartupError(), this file should not be modified.
  10:Generated_Source\PSoC5/cyfitter_cfg.c **** * This file is automatically generated by PSoC Creator.
  11:Generated_Source\PSoC5/cyfitter_cfg.c **** *
  12:Generated_Source\PSoC5/cyfitter_cfg.c **** ********************************************************************************
  13:Generated_Source\PSoC5/cyfitter_cfg.c **** * Copyright (c) 2007-2020 Cypress Semiconductor.  All rights reserved.
  14:Generated_Source\PSoC5/cyfitter_cfg.c **** * You may use this file only in accordance with the license, terms, conditions, 
  15:Generated_Source\PSoC5/cyfitter_cfg.c **** * disclaimers, and limitations in the end user license agreement accompanying 
  16:Generated_Source\PSoC5/cyfitter_cfg.c **** * the software package with which this file was provided.
  17:Generated_Source\PSoC5/cyfitter_cfg.c **** ********************************************************************************/
  18:Generated_Source\PSoC5/cyfitter_cfg.c **** 
  19:Generated_Source\PSoC5/cyfitter_cfg.c **** #include <string.h>
  20:Generated_Source\PSoC5/cyfitter_cfg.c **** #include "cytypes.h"
  21:Generated_Source\PSoC5/cyfitter_cfg.c **** #include "cydevice_trm.h"
  22:Generated_Source\PSoC5/cyfitter_cfg.c **** #include "cyfitter.h"
  23:Generated_Source\PSoC5/cyfitter_cfg.c **** #include "CyLib.h"
  24:Generated_Source\PSoC5/cyfitter_cfg.c **** #include "cyfitter_cfg.h"
  25:Generated_Source\PSoC5/cyfitter_cfg.c **** #include "cyapicallbacks.h"
  26:Generated_Source\PSoC5/cyfitter_cfg.c **** 
  27:Generated_Source\PSoC5/cyfitter_cfg.c **** #define CY_NEED_CYCLOCKSTARTUPERROR 1
  28:Generated_Source\PSoC5/cyfitter_cfg.c **** 
  29:Generated_Source\PSoC5/cyfitter_cfg.c **** 
  30:Generated_Source\PSoC5/cyfitter_cfg.c **** #if defined(__GNUC__) || defined(__ARMCC_VERSION)
  31:Generated_Source\PSoC5/cyfitter_cfg.c ****     #define CYPACKED 
ARM GAS  C:\Users\lenovo\AppData\Local\Temp\cc6ILcy0.s 			page 2


  32:Generated_Source\PSoC5/cyfitter_cfg.c ****     #define CYPACKED_ATTR __attribute__ ((packed))
  33:Generated_Source\PSoC5/cyfitter_cfg.c ****     #define CYALIGNED __attribute__ ((aligned))
  34:Generated_Source\PSoC5/cyfitter_cfg.c ****     #define CY_CFG_UNUSED __attribute__ ((unused))
  35:Generated_Source\PSoC5/cyfitter_cfg.c ****     #ifndef CY_CFG_SECTION
  36:Generated_Source\PSoC5/cyfitter_cfg.c ****         #define CY_CFG_SECTION __attribute__ ((section(".psocinit")))
  37:Generated_Source\PSoC5/cyfitter_cfg.c ****     #endif
  38:Generated_Source\PSoC5/cyfitter_cfg.c ****     
  39:Generated_Source\PSoC5/cyfitter_cfg.c ****     #if defined(__ARMCC_VERSION)
  40:Generated_Source\PSoC5/cyfitter_cfg.c ****         #define CY_CFG_MEMORY_BARRIER() __memory_changed()
  41:Generated_Source\PSoC5/cyfitter_cfg.c ****     #else
  42:Generated_Source\PSoC5/cyfitter_cfg.c ****         #define CY_CFG_MEMORY_BARRIER() __sync_synchronize()
  43:Generated_Source\PSoC5/cyfitter_cfg.c ****     #endif
  44:Generated_Source\PSoC5/cyfitter_cfg.c ****     
  45:Generated_Source\PSoC5/cyfitter_cfg.c **** #elif defined(__ICCARM__)
  46:Generated_Source\PSoC5/cyfitter_cfg.c ****     #include <intrinsics.h>
  47:Generated_Source\PSoC5/cyfitter_cfg.c **** 
  48:Generated_Source\PSoC5/cyfitter_cfg.c ****     #define CYPACKED __packed
  49:Generated_Source\PSoC5/cyfitter_cfg.c ****     #define CYPACKED_ATTR 
  50:Generated_Source\PSoC5/cyfitter_cfg.c ****     #define CYALIGNED _Pragma("data_alignment=4")
  51:Generated_Source\PSoC5/cyfitter_cfg.c ****     #define CY_CFG_UNUSED _Pragma("diag_suppress=Pe177")
  52:Generated_Source\PSoC5/cyfitter_cfg.c ****     #define CY_CFG_SECTION _Pragma("location=\".psocinit\"")
  53:Generated_Source\PSoC5/cyfitter_cfg.c ****     
  54:Generated_Source\PSoC5/cyfitter_cfg.c ****     #define CY_CFG_MEMORY_BARRIER() __DMB()
  55:Generated_Source\PSoC5/cyfitter_cfg.c ****     
  56:Generated_Source\PSoC5/cyfitter_cfg.c **** #else
  57:Generated_Source\PSoC5/cyfitter_cfg.c ****     #error Unsupported toolchain
  58:Generated_Source\PSoC5/cyfitter_cfg.c **** #endif
  59:Generated_Source\PSoC5/cyfitter_cfg.c **** 
  60:Generated_Source\PSoC5/cyfitter_cfg.c **** #ifndef CYCODE
  61:Generated_Source\PSoC5/cyfitter_cfg.c ****     #define CYCODE
  62:Generated_Source\PSoC5/cyfitter_cfg.c **** #endif
  63:Generated_Source\PSoC5/cyfitter_cfg.c **** #ifndef CYDATA
  64:Generated_Source\PSoC5/cyfitter_cfg.c ****     #define CYDATA
  65:Generated_Source\PSoC5/cyfitter_cfg.c **** #endif
  66:Generated_Source\PSoC5/cyfitter_cfg.c **** #ifndef CYFAR
  67:Generated_Source\PSoC5/cyfitter_cfg.c ****     #define CYFAR
  68:Generated_Source\PSoC5/cyfitter_cfg.c **** #endif
  69:Generated_Source\PSoC5/cyfitter_cfg.c **** #ifndef CYXDATA
  70:Generated_Source\PSoC5/cyfitter_cfg.c ****     #define CYXDATA
  71:Generated_Source\PSoC5/cyfitter_cfg.c **** #endif
  72:Generated_Source\PSoC5/cyfitter_cfg.c **** 
  73:Generated_Source\PSoC5/cyfitter_cfg.c **** 
  74:Generated_Source\PSoC5/cyfitter_cfg.c **** CY_CFG_UNUSED
  75:Generated_Source\PSoC5/cyfitter_cfg.c **** static void CYMEMZERO(void *s, size_t n);
  76:Generated_Source\PSoC5/cyfitter_cfg.c **** CY_CFG_UNUSED
  77:Generated_Source\PSoC5/cyfitter_cfg.c **** static void CYMEMZERO(void *s, size_t n)
  78:Generated_Source\PSoC5/cyfitter_cfg.c **** {
  79:Generated_Source\PSoC5/cyfitter_cfg.c **** 	(void)memset(s, 0, n);
  80:Generated_Source\PSoC5/cyfitter_cfg.c **** }
  81:Generated_Source\PSoC5/cyfitter_cfg.c **** CY_CFG_UNUSED
  82:Generated_Source\PSoC5/cyfitter_cfg.c **** static void CYCONFIGCPY(void *dest, const void *src, size_t n);
  83:Generated_Source\PSoC5/cyfitter_cfg.c **** CY_CFG_UNUSED
  84:Generated_Source\PSoC5/cyfitter_cfg.c **** static void CYCONFIGCPY(void *dest, const void *src, size_t n)
  85:Generated_Source\PSoC5/cyfitter_cfg.c **** {
  86:Generated_Source\PSoC5/cyfitter_cfg.c **** 	(void)memcpy(dest, src, n);
  87:Generated_Source\PSoC5/cyfitter_cfg.c **** }
  88:Generated_Source\PSoC5/cyfitter_cfg.c **** CY_CFG_UNUSED
ARM GAS  C:\Users\lenovo\AppData\Local\Temp\cc6ILcy0.s 			page 3


  89:Generated_Source\PSoC5/cyfitter_cfg.c **** static void CYCONFIGCPYCODE(void *dest, const void *src, size_t n);
  90:Generated_Source\PSoC5/cyfitter_cfg.c **** CY_CFG_UNUSED
  91:Generated_Source\PSoC5/cyfitter_cfg.c **** static void CYCONFIGCPYCODE(void *dest, const void *src, size_t n)
  92:Generated_Source\PSoC5/cyfitter_cfg.c **** {
  93:Generated_Source\PSoC5/cyfitter_cfg.c **** 	(void)memcpy(dest, src, n);
  94:Generated_Source\PSoC5/cyfitter_cfg.c **** }
  95:Generated_Source\PSoC5/cyfitter_cfg.c **** 
  96:Generated_Source\PSoC5/cyfitter_cfg.c **** 
  97:Generated_Source\PSoC5/cyfitter_cfg.c **** 
  98:Generated_Source\PSoC5/cyfitter_cfg.c **** 
  99:Generated_Source\PSoC5/cyfitter_cfg.c **** /* Clock startup error codes                                                   */
 100:Generated_Source\PSoC5/cyfitter_cfg.c **** #define CYCLOCKSTART_NO_ERROR    0u
 101:Generated_Source\PSoC5/cyfitter_cfg.c **** #define CYCLOCKSTART_XTAL_ERROR  1u
 102:Generated_Source\PSoC5/cyfitter_cfg.c **** #define CYCLOCKSTART_32KHZ_ERROR 2u
 103:Generated_Source\PSoC5/cyfitter_cfg.c **** #define CYCLOCKSTART_PLL_ERROR   3u
 104:Generated_Source\PSoC5/cyfitter_cfg.c **** #define CYCLOCKSTART_FLL_ERROR   4u
 105:Generated_Source\PSoC5/cyfitter_cfg.c **** #define CYCLOCKSTART_WCO_ERROR   5u
 106:Generated_Source\PSoC5/cyfitter_cfg.c **** 
 107:Generated_Source\PSoC5/cyfitter_cfg.c **** 
 108:Generated_Source\PSoC5/cyfitter_cfg.c **** #ifdef CY_NEED_CYCLOCKSTARTUPERROR
 109:Generated_Source\PSoC5/cyfitter_cfg.c **** /*******************************************************************************
 110:Generated_Source\PSoC5/cyfitter_cfg.c **** * Function Name: CyClockStartupError
 111:Generated_Source\PSoC5/cyfitter_cfg.c **** ********************************************************************************
 112:Generated_Source\PSoC5/cyfitter_cfg.c **** * Summary:
 113:Generated_Source\PSoC5/cyfitter_cfg.c **** *  If an error is encountered during clock configuration (crystal startup error,
 114:Generated_Source\PSoC5/cyfitter_cfg.c **** *  PLL lock error, etc.), the system will end up here.  Unless reimplemented by
 115:Generated_Source\PSoC5/cyfitter_cfg.c **** *  the customer, this function will stop in an infinite loop.
 116:Generated_Source\PSoC5/cyfitter_cfg.c **** *
 117:Generated_Source\PSoC5/cyfitter_cfg.c **** * Parameters:
 118:Generated_Source\PSoC5/cyfitter_cfg.c **** *   void
 119:Generated_Source\PSoC5/cyfitter_cfg.c **** *
 120:Generated_Source\PSoC5/cyfitter_cfg.c **** * Return:
 121:Generated_Source\PSoC5/cyfitter_cfg.c **** *   void
 122:Generated_Source\PSoC5/cyfitter_cfg.c **** *
 123:Generated_Source\PSoC5/cyfitter_cfg.c **** *******************************************************************************/
 124:Generated_Source\PSoC5/cyfitter_cfg.c **** CY_CFG_UNUSED
 125:Generated_Source\PSoC5/cyfitter_cfg.c **** static void CyClockStartupError(uint8 errorCode);
 126:Generated_Source\PSoC5/cyfitter_cfg.c **** CY_CFG_UNUSED
 127:Generated_Source\PSoC5/cyfitter_cfg.c **** static void CyClockStartupError(uint8 errorCode)
 128:Generated_Source\PSoC5/cyfitter_cfg.c **** {
  27              		.loc 1 128 0
  28              		.cfi_startproc
  29              		@ Volatile: function does not return.
  30              		@ args = 0, pretend = 0, frame = 0
  31              		@ frame_needed = 0, uses_anonymous_args = 0
  32              		@ link register save eliminated.
  33              	.LVL0:
  34              	.L2:
  35 0000 FEE7     		b	.L2
  36              		.cfi_endproc
  37              	.LFE3:
  38              		.size	CyClockStartupError, .-CyClockStartupError
  39 0002 00BF     		.section	.text.cfg_write_bytes32,"ax",%progbits
  40              		.align	2
  41              		.thumb
  42              		.thumb_func
  43              		.type	cfg_write_bytes32, %function
ARM GAS  C:\Users\lenovo\AppData\Local\Temp\cc6ILcy0.s 			page 4


  44              	cfg_write_bytes32:
  45              	.LFB4:
 129:Generated_Source\PSoC5/cyfitter_cfg.c ****     /* To remove the compiler warning if errorCode not used.                */
 130:Generated_Source\PSoC5/cyfitter_cfg.c ****     errorCode = errorCode;
 131:Generated_Source\PSoC5/cyfitter_cfg.c **** 
 132:Generated_Source\PSoC5/cyfitter_cfg.c ****     /* If we have a clock startup error (bad MHz crystal, PLL lock, etc.),  */
 133:Generated_Source\PSoC5/cyfitter_cfg.c ****     /* we will end up here to allow the customer to implement something to  */
 134:Generated_Source\PSoC5/cyfitter_cfg.c ****     /* deal with the clock condition.                                       */
 135:Generated_Source\PSoC5/cyfitter_cfg.c **** 
 136:Generated_Source\PSoC5/cyfitter_cfg.c **** #ifdef CY_CFG_CLOCK_STARTUP_ERROR_CALLBACK
 137:Generated_Source\PSoC5/cyfitter_cfg.c ****     CY_CFG_Clock_Startup_ErrorCallback();
 138:Generated_Source\PSoC5/cyfitter_cfg.c **** #else
 139:Generated_Source\PSoC5/cyfitter_cfg.c ****     /*  If not using CY_CFG_CLOCK_STARTUP_ERROR_CALLBACK, place your clock startup code here. */
 140:Generated_Source\PSoC5/cyfitter_cfg.c ****     /* `#START CyClockStartupError` */
 141:Generated_Source\PSoC5/cyfitter_cfg.c **** 
 142:Generated_Source\PSoC5/cyfitter_cfg.c **** 
 143:Generated_Source\PSoC5/cyfitter_cfg.c **** 
 144:Generated_Source\PSoC5/cyfitter_cfg.c ****     /* `#END` */
 145:Generated_Source\PSoC5/cyfitter_cfg.c **** 
 146:Generated_Source\PSoC5/cyfitter_cfg.c ****     while(1) {}
 147:Generated_Source\PSoC5/cyfitter_cfg.c **** #endif /* CY_CFG_CLOCK_STARTUP_ERROR_CALLBACK */
 148:Generated_Source\PSoC5/cyfitter_cfg.c **** }
 149:Generated_Source\PSoC5/cyfitter_cfg.c **** #endif
 150:Generated_Source\PSoC5/cyfitter_cfg.c **** 
 151:Generated_Source\PSoC5/cyfitter_cfg.c **** #define CY_CFG_BASE_ADDR_COUNT 23u
 152:Generated_Source\PSoC5/cyfitter_cfg.c **** CYPACKED typedef struct
 153:Generated_Source\PSoC5/cyfitter_cfg.c **** {
 154:Generated_Source\PSoC5/cyfitter_cfg.c **** 	uint8 offset;
 155:Generated_Source\PSoC5/cyfitter_cfg.c **** 	uint8 value;
 156:Generated_Source\PSoC5/cyfitter_cfg.c **** } CYPACKED_ATTR cy_cfg_addrvalue_t;
 157:Generated_Source\PSoC5/cyfitter_cfg.c **** 
 158:Generated_Source\PSoC5/cyfitter_cfg.c **** #define cy_cfg_addr_table ((const uint32 CYFAR *)0x48000000u)
 159:Generated_Source\PSoC5/cyfitter_cfg.c **** #define cy_cfg_data_table ((const cy_cfg_addrvalue_t CYFAR *)0x4800005Cu)
 160:Generated_Source\PSoC5/cyfitter_cfg.c **** 
 161:Generated_Source\PSoC5/cyfitter_cfg.c **** /* IOPINS0_8 Address: CYREG_PRT15_DR Size (bytes): 10 */
 162:Generated_Source\PSoC5/cyfitter_cfg.c **** #define BS_IOPINS0_8_VAL ((const uint8 CYFAR *)0x480000BCu)
 163:Generated_Source\PSoC5/cyfitter_cfg.c **** 
 164:Generated_Source\PSoC5/cyfitter_cfg.c **** /* IOPINS0_1 Address: CYREG_PRT1_DM0 Size (bytes): 8 */
 165:Generated_Source\PSoC5/cyfitter_cfg.c **** #define BS_IOPINS0_1_VAL ((const uint8 CYFAR *)0x480000C8u)
 166:Generated_Source\PSoC5/cyfitter_cfg.c **** 
 167:Generated_Source\PSoC5/cyfitter_cfg.c **** /* CYDEV_CLKDIST_ACFG0_CFG0 Address: CYREG_CLKDIST_ACFG0_CFG0 Size (bytes): 4 */
 168:Generated_Source\PSoC5/cyfitter_cfg.c **** #define BS_CYDEV_CLKDIST_ACFG0_CFG0_VAL ((const uint8 CYFAR *)0x480000D0u)
 169:Generated_Source\PSoC5/cyfitter_cfg.c **** 
 170:Generated_Source\PSoC5/cyfitter_cfg.c **** 
 171:Generated_Source\PSoC5/cyfitter_cfg.c **** /*******************************************************************************
 172:Generated_Source\PSoC5/cyfitter_cfg.c **** * Function Name: cfg_write_bytes32
 173:Generated_Source\PSoC5/cyfitter_cfg.c **** ********************************************************************************
 174:Generated_Source\PSoC5/cyfitter_cfg.c **** * Summary:
 175:Generated_Source\PSoC5/cyfitter_cfg.c **** *  This function is used for setting up the chip configuration areas that
 176:Generated_Source\PSoC5/cyfitter_cfg.c **** *  contain relatively sparse data.
 177:Generated_Source\PSoC5/cyfitter_cfg.c **** *
 178:Generated_Source\PSoC5/cyfitter_cfg.c **** * Parameters:
 179:Generated_Source\PSoC5/cyfitter_cfg.c **** *   void
 180:Generated_Source\PSoC5/cyfitter_cfg.c **** *
 181:Generated_Source\PSoC5/cyfitter_cfg.c **** * Return:
 182:Generated_Source\PSoC5/cyfitter_cfg.c **** *   void
 183:Generated_Source\PSoC5/cyfitter_cfg.c **** *
ARM GAS  C:\Users\lenovo\AppData\Local\Temp\cc6ILcy0.s 			page 5


 184:Generated_Source\PSoC5/cyfitter_cfg.c **** *******************************************************************************/
 185:Generated_Source\PSoC5/cyfitter_cfg.c **** static void cfg_write_bytes32(const uint32 addr_table[], const cy_cfg_addrvalue_t data_table[]);
 186:Generated_Source\PSoC5/cyfitter_cfg.c **** static void cfg_write_bytes32(const uint32 addr_table[], const cy_cfg_addrvalue_t data_table[])
 187:Generated_Source\PSoC5/cyfitter_cfg.c **** {
  46              		.loc 1 187 0
  47              		.cfi_startproc
  48              		@ args = 0, pretend = 0, frame = 0
  49              		@ frame_needed = 0, uses_anonymous_args = 0
  50              		@ link register save eliminated.
  51              	.LVL1:
  52              		.loc 1 187 0
  53 0000 F0B4     		push	{r4, r5, r6, r7}
  54              		.cfi_def_cfa_offset 16
  55              		.cfi_offset 4, -16
  56              		.cfi_offset 5, -12
  57              		.cfi_offset 6, -8
  58              		.cfi_offset 7, -4
  59              	.LVL2:
 188:Generated_Source\PSoC5/cyfitter_cfg.c **** 	/* For 32-bit little-endian architectures */
 189:Generated_Source\PSoC5/cyfitter_cfg.c **** 	uint32 i, j = 0u;
  60              		.loc 1 189 0
  61 0002 0022     		movs	r2, #0
 190:Generated_Source\PSoC5/cyfitter_cfg.c **** 	for (i = 0u; i < CY_CFG_BASE_ADDR_COUNT; i++)
  62              		.loc 1 190 0
  63 0004 1746     		mov	r7, r2
  64 0006 11E0     		b	.L4
  65              	.LVL3:
  66              	.L7:
  67              	.LBB2:
 191:Generated_Source\PSoC5/cyfitter_cfg.c **** 	{
 192:Generated_Source\PSoC5/cyfitter_cfg.c **** 		uint32 baseAddr = addr_table[i];
  68              		.loc 1 192 0
  69 0008 50F82760 		ldr	r6, [r0, r7, lsl #2]
  70              	.LVL4:
 193:Generated_Source\PSoC5/cyfitter_cfg.c **** 		uint8 count = (uint8)baseAddr;
  71              		.loc 1 193 0
  72 000c F3B2     		uxtb	r3, r6
  73              	.LVL5:
 194:Generated_Source\PSoC5/cyfitter_cfg.c **** 		baseAddr &= 0xFFFFFF00u;
  74              		.loc 1 194 0
  75 000e 26F0FF06 		bic	r6, r6, #255
  76              	.LVL6:
 195:Generated_Source\PSoC5/cyfitter_cfg.c **** 		while (count != 0u)
  77              		.loc 1 195 0
  78 0012 08E0     		b	.L5
  79              	.L6:
 196:Generated_Source\PSoC5/cyfitter_cfg.c **** 		{
 197:Generated_Source\PSoC5/cyfitter_cfg.c **** 			CY_SET_REG8((void *)(baseAddr + data_table[j].offset), data_table[j].value);
  80              		.loc 1 197 0
  81 0014 01EB4205 		add	r5, r1, r2, lsl #1
  82 0018 11F81240 		ldrb	r4, [r1, r2, lsl #1]	@ zero_extendqisi2
  83 001c 6D78     		ldrb	r5, [r5, #1]	@ zero_extendqisi2
  84 001e A555     		strb	r5, [r4, r6]
 198:Generated_Source\PSoC5/cyfitter_cfg.c **** 			j++;
  85              		.loc 1 198 0
  86 0020 0132     		adds	r2, r2, #1
  87              	.LVL7:
ARM GAS  C:\Users\lenovo\AppData\Local\Temp\cc6ILcy0.s 			page 6


 199:Generated_Source\PSoC5/cyfitter_cfg.c **** 			count--;
  88              		.loc 1 199 0
  89 0022 013B     		subs	r3, r3, #1
  90              	.LVL8:
  91 0024 DBB2     		uxtb	r3, r3
  92              	.LVL9:
  93              	.L5:
 195:Generated_Source\PSoC5/cyfitter_cfg.c **** 		{
  94              		.loc 1 195 0
  95 0026 002B     		cmp	r3, #0
  96 0028 F4D1     		bne	.L6
  97              	.LBE2:
 190:Generated_Source\PSoC5/cyfitter_cfg.c **** 	{
  98              		.loc 1 190 0 discriminator 2
  99 002a 0137     		adds	r7, r7, #1
 100              	.LVL10:
 101              	.L4:
 190:Generated_Source\PSoC5/cyfitter_cfg.c **** 	{
 102              		.loc 1 190 0 is_stmt 0 discriminator 1
 103 002c 162F     		cmp	r7, #22
 104 002e EBD9     		bls	.L7
 200:Generated_Source\PSoC5/cyfitter_cfg.c **** 		}
 201:Generated_Source\PSoC5/cyfitter_cfg.c **** 	}
 202:Generated_Source\PSoC5/cyfitter_cfg.c **** }
 105              		.loc 1 202 0 is_stmt 1
 106 0030 F0BC     		pop	{r4, r5, r6, r7}
 107              		.cfi_restore 7
 108              		.cfi_restore 6
 109              		.cfi_restore 5
 110              		.cfi_restore 4
 111              		.cfi_def_cfa_offset 0
 112              	.LVL11:
 113 0032 7047     		bx	lr
 114              		.cfi_endproc
 115              	.LFE4:
 116              		.size	cfg_write_bytes32, .-cfg_write_bytes32
 117              		.section	.text.CYMEMZERO,"ax",%progbits
 118              		.align	2
 119              		.thumb
 120              		.thumb_func
 121              		.type	CYMEMZERO, %function
 122              	CYMEMZERO:
 123              	.LFB0:
  78:Generated_Source\PSoC5/cyfitter_cfg.c **** 	(void)memset(s, 0, n);
 124              		.loc 1 78 0
 125              		.cfi_startproc
 126              		@ args = 0, pretend = 0, frame = 0
 127              		@ frame_needed = 0, uses_anonymous_args = 0
 128              	.LVL12:
 129 0000 08B5     		push	{r3, lr}
 130              		.cfi_def_cfa_offset 8
 131              		.cfi_offset 3, -8
 132              		.cfi_offset 14, -4
  79:Generated_Source\PSoC5/cyfitter_cfg.c **** }
 133              		.loc 1 79 0
 134 0002 0A46     		mov	r2, r1
 135 0004 0021     		movs	r1, #0
ARM GAS  C:\Users\lenovo\AppData\Local\Temp\cc6ILcy0.s 			page 7


 136              	.LVL13:
 137 0006 FFF7FEFF 		bl	memset
 138              	.LVL14:
 139 000a 08BD     		pop	{r3, pc}
 140              		.cfi_endproc
 141              	.LFE0:
 142              		.size	CYMEMZERO, .-CYMEMZERO
 143              		.section	.text.AnalogSetDefault,"ax",%progbits
 144              		.align	2
 145              		.thumb
 146              		.thumb_func
 147              		.type	AnalogSetDefault, %function
 148              	AnalogSetDefault:
 149              	.LFB6:
 203:Generated_Source\PSoC5/cyfitter_cfg.c **** 
 204:Generated_Source\PSoC5/cyfitter_cfg.c **** /*******************************************************************************
 205:Generated_Source\PSoC5/cyfitter_cfg.c **** * Function Name: ClockSetup
 206:Generated_Source\PSoC5/cyfitter_cfg.c **** ********************************************************************************
 207:Generated_Source\PSoC5/cyfitter_cfg.c **** *
 208:Generated_Source\PSoC5/cyfitter_cfg.c **** * Summary:
 209:Generated_Source\PSoC5/cyfitter_cfg.c **** *  Performs the initialization of all of the clocks in the device based on the
 210:Generated_Source\PSoC5/cyfitter_cfg.c **** *  settings in the Clock tab of the DWR.  This includes enabling the requested
 211:Generated_Source\PSoC5/cyfitter_cfg.c **** *  clocks and setting the necessary dividers to produce the desired frequency. 
 212:Generated_Source\PSoC5/cyfitter_cfg.c **** *
 213:Generated_Source\PSoC5/cyfitter_cfg.c **** * Parameters:
 214:Generated_Source\PSoC5/cyfitter_cfg.c **** *  void
 215:Generated_Source\PSoC5/cyfitter_cfg.c **** *
 216:Generated_Source\PSoC5/cyfitter_cfg.c **** * Return:
 217:Generated_Source\PSoC5/cyfitter_cfg.c **** *  void
 218:Generated_Source\PSoC5/cyfitter_cfg.c **** *
 219:Generated_Source\PSoC5/cyfitter_cfg.c **** *******************************************************************************/
 220:Generated_Source\PSoC5/cyfitter_cfg.c **** static void ClockSetup(void);
 221:Generated_Source\PSoC5/cyfitter_cfg.c **** static void ClockSetup(void)
 222:Generated_Source\PSoC5/cyfitter_cfg.c **** {
 223:Generated_Source\PSoC5/cyfitter_cfg.c **** 	uint32 timeout;
 224:Generated_Source\PSoC5/cyfitter_cfg.c **** 	uint8 pllLock;
 225:Generated_Source\PSoC5/cyfitter_cfg.c **** 
 226:Generated_Source\PSoC5/cyfitter_cfg.c **** 
 227:Generated_Source\PSoC5/cyfitter_cfg.c **** 	/* Configure Analog Clocks based on settings from Clock DWR */
 228:Generated_Source\PSoC5/cyfitter_cfg.c **** 	CYCONFIGCPY((void CYFAR *)(CYREG_CLKDIST_ACFG0_CFG0), (const void CYFAR *)(BS_CYDEV_CLKDIST_ACFG0_
 229:Generated_Source\PSoC5/cyfitter_cfg.c **** 
 230:Generated_Source\PSoC5/cyfitter_cfg.c **** 	/* Configure ILO based on settings from Clock DWR */
 231:Generated_Source\PSoC5/cyfitter_cfg.c **** 	CY_SET_XTND_REG8((void CYFAR *)(CYREG_SLOWCLK_ILO_CR0), 0x06u);
 232:Generated_Source\PSoC5/cyfitter_cfg.c **** 
 233:Generated_Source\PSoC5/cyfitter_cfg.c **** 	/* Configure XTAL based on settings from Clock DWR */
 234:Generated_Source\PSoC5/cyfitter_cfg.c **** 	CY_SET_XTND_REG16((void CYFAR *)(CYREG_FASTCLK_XMHZ_CFG0), 0x550Eu);
 235:Generated_Source\PSoC5/cyfitter_cfg.c **** 	CY_SET_XTND_REG8((void CYFAR *)(CYREG_FASTCLK_XMHZ_CSR), 0x05u);
 236:Generated_Source\PSoC5/cyfitter_cfg.c **** 	/* Wait up to 130000us for the XTAL to lock */
 237:Generated_Source\PSoC5/cyfitter_cfg.c **** 	CY_GET_XTND_REG8((void CYFAR *)CYREG_FASTCLK_XMHZ_CSR);
 238:Generated_Source\PSoC5/cyfitter_cfg.c **** 	for (timeout = 130000u / 10u; (timeout > 0u) && ((CY_GET_XTND_REG8((void CYFAR *)CYREG_FASTCLK_XMH
 239:Generated_Source\PSoC5/cyfitter_cfg.c **** 	{ 
 240:Generated_Source\PSoC5/cyfitter_cfg.c **** 		
 241:Generated_Source\PSoC5/cyfitter_cfg.c **** 		CyDelayCycles(10u * 48u); /* Delay 10us based on 48MHz clock */
 242:Generated_Source\PSoC5/cyfitter_cfg.c **** 	}
 243:Generated_Source\PSoC5/cyfitter_cfg.c **** 
 244:Generated_Source\PSoC5/cyfitter_cfg.c **** 	/* Configure IMO based on settings from Clock DWR */
 245:Generated_Source\PSoC5/cyfitter_cfg.c **** 	CY_SET_XTND_REG8((void CYFAR *)(CYREG_FASTCLK_IMO_CR), 0x52u);
ARM GAS  C:\Users\lenovo\AppData\Local\Temp\cc6ILcy0.s 			page 8


 246:Generated_Source\PSoC5/cyfitter_cfg.c **** 	CY_SET_XTND_REG8((void CYFAR *)(CYREG_IMO_TR1), (CY_GET_XTND_REG8((void CYFAR *)CYREG_FLSHID_CUST_
 247:Generated_Source\PSoC5/cyfitter_cfg.c **** 
 248:Generated_Source\PSoC5/cyfitter_cfg.c **** 	/* Configure PLL based on settings from Clock DWR */
 249:Generated_Source\PSoC5/cyfitter_cfg.c **** 	CY_SET_XTND_REG16((void CYFAR *)(CYREG_FASTCLK_PLL_P), 0x0710u);
 250:Generated_Source\PSoC5/cyfitter_cfg.c **** 	CY_SET_XTND_REG16((void CYFAR *)(CYREG_FASTCLK_PLL_CFG0), 0x1251u);
 251:Generated_Source\PSoC5/cyfitter_cfg.c **** 	/* Wait up to 250us for the PLL to lock */
 252:Generated_Source\PSoC5/cyfitter_cfg.c **** 	pllLock = 0u;
 253:Generated_Source\PSoC5/cyfitter_cfg.c **** 	for (timeout = 250u / 10u; (timeout > 0u) && (pllLock != 0x03u); timeout--)
 254:Generated_Source\PSoC5/cyfitter_cfg.c **** 	{ 
 255:Generated_Source\PSoC5/cyfitter_cfg.c **** 		pllLock = 0x03u & ((uint8)((uint8)pllLock << 1) | ((CY_GET_XTND_REG8((void CYFAR *)CYREG_FASTCLK_
 256:Generated_Source\PSoC5/cyfitter_cfg.c **** 		CyDelayCycles(10u * 48u); /* Delay 10us based on 48MHz clock */
 257:Generated_Source\PSoC5/cyfitter_cfg.c **** 	}
 258:Generated_Source\PSoC5/cyfitter_cfg.c **** 	/* If we ran out of time the PLL didn't lock so go to the error function */
 259:Generated_Source\PSoC5/cyfitter_cfg.c **** 	if (timeout == 0u)
 260:Generated_Source\PSoC5/cyfitter_cfg.c **** 	{
 261:Generated_Source\PSoC5/cyfitter_cfg.c **** 		CyClockStartupError(CYCLOCKSTART_PLL_ERROR);
 262:Generated_Source\PSoC5/cyfitter_cfg.c **** 	}
 263:Generated_Source\PSoC5/cyfitter_cfg.c **** 
 264:Generated_Source\PSoC5/cyfitter_cfg.c **** 	/* Configure Bus/Master Clock based on settings from Clock DWR */
 265:Generated_Source\PSoC5/cyfitter_cfg.c **** 	CY_SET_XTND_REG16((void CYFAR *)(CYREG_CLKDIST_MSTR0), 0x0100u);
 266:Generated_Source\PSoC5/cyfitter_cfg.c **** 	CY_SET_XTND_REG8((void CYFAR *)(CYREG_CLKDIST_MSTR0), 0x07u);
 267:Generated_Source\PSoC5/cyfitter_cfg.c **** 	CY_SET_XTND_REG8((void CYFAR *)(CYREG_CLKDIST_BCFG0), 0x00u);
 268:Generated_Source\PSoC5/cyfitter_cfg.c **** 	CY_SET_XTND_REG8((void CYFAR *)(CYREG_CLKDIST_BCFG2), 0x48u);
 269:Generated_Source\PSoC5/cyfitter_cfg.c **** 	CY_SET_XTND_REG8((void CYFAR *)(CYREG_CLKDIST_MSTR0), 0x00u);
 270:Generated_Source\PSoC5/cyfitter_cfg.c **** 
 271:Generated_Source\PSoC5/cyfitter_cfg.c **** 	/* Configure USB Clock based on settings from Clock DWR */
 272:Generated_Source\PSoC5/cyfitter_cfg.c **** 	CY_SET_XTND_REG8((void CYFAR *)(CYREG_CLKDIST_UCFG), 0x00u);
 273:Generated_Source\PSoC5/cyfitter_cfg.c **** 	CY_SET_XTND_REG8((void CYFAR *)(CYREG_CLKDIST_LD), 0x02u);
 274:Generated_Source\PSoC5/cyfitter_cfg.c **** 	CY_SET_XTND_REG8((void CYFAR *)(CYREG_CLKDIST_DLY1), 0x04u);
 275:Generated_Source\PSoC5/cyfitter_cfg.c **** 
 276:Generated_Source\PSoC5/cyfitter_cfg.c **** 	CY_SET_XTND_REG8((void CYFAR *)(CYREG_PM_ACT_CFG1), ((CY_GET_XTND_REG8((void CYFAR *)CYREG_PM_ACT_
 277:Generated_Source\PSoC5/cyfitter_cfg.c **** 	CY_SET_XTND_REG8((void CYFAR *)(CYREG_PM_ACT_CFG0), ((CY_GET_XTND_REG8((void CYFAR *)CYREG_PM_ACT_
 278:Generated_Source\PSoC5/cyfitter_cfg.c **** }
 279:Generated_Source\PSoC5/cyfitter_cfg.c **** 
 280:Generated_Source\PSoC5/cyfitter_cfg.c **** 
 281:Generated_Source\PSoC5/cyfitter_cfg.c **** /* Analog API Functions */
 282:Generated_Source\PSoC5/cyfitter_cfg.c **** 
 283:Generated_Source\PSoC5/cyfitter_cfg.c **** 
 284:Generated_Source\PSoC5/cyfitter_cfg.c **** /*******************************************************************************
 285:Generated_Source\PSoC5/cyfitter_cfg.c **** * Function Name: AnalogSetDefault
 286:Generated_Source\PSoC5/cyfitter_cfg.c **** ********************************************************************************
 287:Generated_Source\PSoC5/cyfitter_cfg.c **** *
 288:Generated_Source\PSoC5/cyfitter_cfg.c **** * Summary:
 289:Generated_Source\PSoC5/cyfitter_cfg.c **** *  Sets up the analog portions of the chip to default values based on chip
 290:Generated_Source\PSoC5/cyfitter_cfg.c **** *  configuration options from the project.
 291:Generated_Source\PSoC5/cyfitter_cfg.c **** *
 292:Generated_Source\PSoC5/cyfitter_cfg.c **** * Parameters:
 293:Generated_Source\PSoC5/cyfitter_cfg.c **** *  void
 294:Generated_Source\PSoC5/cyfitter_cfg.c **** *
 295:Generated_Source\PSoC5/cyfitter_cfg.c **** * Return:
 296:Generated_Source\PSoC5/cyfitter_cfg.c **** *  void
 297:Generated_Source\PSoC5/cyfitter_cfg.c **** *
 298:Generated_Source\PSoC5/cyfitter_cfg.c **** *******************************************************************************/
 299:Generated_Source\PSoC5/cyfitter_cfg.c **** static void AnalogSetDefault(void);
 300:Generated_Source\PSoC5/cyfitter_cfg.c **** static void AnalogSetDefault(void)
 301:Generated_Source\PSoC5/cyfitter_cfg.c **** {
 150              		.loc 1 301 0
ARM GAS  C:\Users\lenovo\AppData\Local\Temp\cc6ILcy0.s 			page 9


 151              		.cfi_startproc
 152              		@ args = 0, pretend = 0, frame = 0
 153              		@ frame_needed = 0, uses_anonymous_args = 0
 154 0000 F8B5     		push	{r3, r4, r5, r6, r7, lr}
 155              		.cfi_def_cfa_offset 24
 156              		.cfi_offset 3, -24
 157              		.cfi_offset 4, -20
 158              		.cfi_offset 5, -16
 159              		.cfi_offset 6, -12
 160              		.cfi_offset 7, -8
 161              		.cfi_offset 14, -4
 302:Generated_Source\PSoC5/cyfitter_cfg.c **** 	uint8 bg_xover_inl_trim = CY_GET_XTND_REG8((void CYFAR *)(CYREG_FLSHID_MFG_CFG_BG_XOVER_INL_TRIM +
 162              		.loc 1 302 0
 163 0002 174B     		ldr	r3, .L13
 164 0004 1B78     		ldrb	r3, [r3]	@ zero_extendqisi2
 165 0006 DBB2     		uxtb	r3, r3
 166              	.LVL15:
 303:Generated_Source\PSoC5/cyfitter_cfg.c **** 	uint8 cr4 = CY_GET_XTND_REG8((void CYFAR *)(CYREG_RESET_CR4));
 167              		.loc 1 303 0
 168 0008 164E     		ldr	r6, .L13+4
 169 000a 3478     		ldrb	r4, [r6]	@ zero_extendqisi2
 170 000c E4B2     		uxtb	r4, r4
 171              	.LVL16:
 304:Generated_Source\PSoC5/cyfitter_cfg.c **** 	uint8 cr5 = CY_GET_XTND_REG8((void CYFAR *)(CYREG_RESET_CR5));
 172              		.loc 1 304 0
 173 000e 164F     		ldr	r7, .L13+8
 174 0010 3D78     		ldrb	r5, [r7]	@ zero_extendqisi2
 175 0012 EDB2     		uxtb	r5, r5
 176              	.LVL17:
 305:Generated_Source\PSoC5/cyfitter_cfg.c **** 	CY_SET_XTND_REG8((void CYFAR *)(CYREG_BG_DFT0), (bg_xover_inl_trim & 0x07u));
 177              		.loc 1 305 0
 178 0014 03F00701 		and	r1, r3, #7
 179 0018 144A     		ldr	r2, .L13+12
 180 001a 1170     		strb	r1, [r2]
 306:Generated_Source\PSoC5/cyfitter_cfg.c **** 	CY_SET_XTND_REG8((void CYFAR *)(CYREG_BG_DFT1), ((bg_xover_inl_trim >> 4) & 0x0Fu));
 181              		.loc 1 306 0
 182 001c 1B09     		lsrs	r3, r3, #4
 183              	.LVL18:
 184 001e 0132     		adds	r2, r2, #1
 185 0020 1370     		strb	r3, [r2]
 307:Generated_Source\PSoC5/cyfitter_cfg.c **** 	/* Disable PRES while setting up SAR voltage reference */
 308:Generated_Source\PSoC5/cyfitter_cfg.c **** 	CY_SET_XTND_REG8((void CYFAR *)(CYREG_RESET_CR4), (cr4 | 0x03u));
 186              		.loc 1 308 0
 187 0022 44F00303 		orr	r3, r4, #3
 188 0026 3370     		strb	r3, [r6]
 309:Generated_Source\PSoC5/cyfitter_cfg.c **** 	CY_SET_XTND_REG8((void CYFAR *)(CYREG_RESET_CR5), (cr5 | 0x03u));
 189              		.loc 1 309 0
 190 0028 45F00303 		orr	r3, r5, #3
 191 002c 3B70     		strb	r3, [r7]
 310:Generated_Source\PSoC5/cyfitter_cfg.c **** 	CY_SET_XTND_REG8((void CYFAR *)CYREG_PRT1_AG, 0x40u);
 192              		.loc 1 310 0
 193 002e 4023     		movs	r3, #64
 194 0030 A2F25272 		subw	r2, r2, #1874
 195 0034 1370     		strb	r3, [r2]
 311:Generated_Source\PSoC5/cyfitter_cfg.c **** 	CY_SET_XTND_REG8((void CYFAR *)CYREG_SAR1_CSR1, 0x40u);
 196              		.loc 1 311 0
 197 0036 02F2EC72 		addw	r2, r2, #2028
ARM GAS  C:\Users\lenovo\AppData\Local\Temp\cc6ILcy0.s 			page 10


 198 003a 1370     		strb	r3, [r2]
 312:Generated_Source\PSoC5/cyfitter_cfg.c **** 	CY_SET_XTND_REG8((void CYFAR *)CYREG_SAR1_CSR3, 0x40u);
 199              		.loc 1 312 0
 200 003c 0232     		adds	r2, r2, #2
 201 003e 1370     		strb	r3, [r2]
 313:Generated_Source\PSoC5/cyfitter_cfg.c **** 	CY_SET_XTND_REG8((void CYFAR *)CYREG_SAR1_SW0, 0x04u);
 202              		.loc 1 313 0
 203 0040 0422     		movs	r2, #4
 204 0042 0B4B     		ldr	r3, .L13+16
 205 0044 1A70     		strb	r2, [r3]
 314:Generated_Source\PSoC5/cyfitter_cfg.c **** 	CY_SET_XTND_REG8((void CYFAR *)CYREG_SAR1_SW3, 0x20u);
 206              		.loc 1 314 0
 207 0046 2022     		movs	r2, #32
 208 0048 0333     		adds	r3, r3, #3
 209 004a 1A70     		strb	r2, [r3]
 315:Generated_Source\PSoC5/cyfitter_cfg.c **** 	CyDelayUs(10u); /* Allow vref to settle before re-enabling PRES */
 210              		.loc 1 315 0
 211 004c 0A20     		movs	r0, #10
 212 004e FFF7FEFF 		bl	CyDelayUs
 213              	.LVL19:
 316:Generated_Source\PSoC5/cyfitter_cfg.c **** 	CY_SET_XTND_REG8((void CYFAR *)(CYREG_RESET_CR5), (cr5));
 214              		.loc 1 316 0
 215 0052 3D70     		strb	r5, [r7]
 317:Generated_Source\PSoC5/cyfitter_cfg.c **** 	CY_SET_XTND_REG8((void CYFAR *)(CYREG_RESET_CR4), (cr4));
 216              		.loc 1 317 0
 217 0054 3470     		strb	r4, [r6]
 318:Generated_Source\PSoC5/cyfitter_cfg.c **** 	CY_SET_XTND_REG8((void CYFAR *)CYREG_PUMP_CR0, 0x44u);
 218              		.loc 1 318 0
 219 0056 4422     		movs	r2, #68
 220 0058 064B     		ldr	r3, .L13+20
 221 005a 1A70     		strb	r2, [r3]
 222 005c F8BD     		pop	{r3, r4, r5, r6, r7, pc}
 223              	.LVL20:
 224              	.L14:
 225 005e 00BF     		.align	2
 226              	.L13:
 227 0060 CF010049 		.word	1224737231
 228 0064 F8460040 		.word	1073759992
 229 0068 F9460040 		.word	1073759993
 230 006c 6E580040 		.word	1073764462
 231 0070 285B0040 		.word	1073765160
 232 0074 76580040 		.word	1073764470
 233              		.cfi_endproc
 234              	.LFE6:
 235              		.size	AnalogSetDefault, .-AnalogSetDefault
 236              		.section	.text.CYCONFIGCPY,"ax",%progbits
 237              		.align	2
 238              		.thumb
 239              		.thumb_func
 240              		.type	CYCONFIGCPY, %function
 241              	CYCONFIGCPY:
 242              	.LFB1:
  85:Generated_Source\PSoC5/cyfitter_cfg.c **** 	(void)memcpy(dest, src, n);
 243              		.loc 1 85 0
 244              		.cfi_startproc
 245              		@ args = 0, pretend = 0, frame = 0
 246              		@ frame_needed = 0, uses_anonymous_args = 0
ARM GAS  C:\Users\lenovo\AppData\Local\Temp\cc6ILcy0.s 			page 11


 247              	.LVL21:
 248 0000 08B5     		push	{r3, lr}
 249              		.cfi_def_cfa_offset 8
 250              		.cfi_offset 3, -8
 251              		.cfi_offset 14, -4
  86:Generated_Source\PSoC5/cyfitter_cfg.c **** }
 252              		.loc 1 86 0
 253 0002 FFF7FEFF 		bl	memcpy
 254              	.LVL22:
 255 0006 08BD     		pop	{r3, pc}
 256              		.cfi_endproc
 257              	.LFE1:
 258              		.size	CYCONFIGCPY, .-CYCONFIGCPY
 259              		.section	.text.ClockSetup,"ax",%progbits
 260              		.align	2
 261              		.thumb
 262              		.thumb_func
 263              		.type	ClockSetup, %function
 264              	ClockSetup:
 265              	.LFB5:
 222:Generated_Source\PSoC5/cyfitter_cfg.c **** 	uint32 timeout;
 266              		.loc 1 222 0
 267              		.cfi_startproc
 268              		@ args = 0, pretend = 0, frame = 0
 269              		@ frame_needed = 0, uses_anonymous_args = 0
 270 0000 38B5     		push	{r3, r4, r5, lr}
 271              		.cfi_def_cfa_offset 16
 272              		.cfi_offset 3, -16
 273              		.cfi_offset 4, -12
 274              		.cfi_offset 5, -8
 275              		.cfi_offset 14, -4
 228:Generated_Source\PSoC5/cyfitter_cfg.c **** 
 276              		.loc 1 228 0
 277 0002 0422     		movs	r2, #4
 278 0004 3149     		ldr	r1, .L26
 279 0006 3248     		ldr	r0, .L26+4
 280 0008 FFF7FEFF 		bl	CYCONFIGCPY
 281              	.LVL23:
 231:Generated_Source\PSoC5/cyfitter_cfg.c **** 
 282              		.loc 1 231 0
 283 000c 0622     		movs	r2, #6
 284 000e 314B     		ldr	r3, .L26+8
 285 0010 1A70     		strb	r2, [r3]
 234:Generated_Source\PSoC5/cyfitter_cfg.c **** 	CY_SET_XTND_REG8((void CYFAR *)(CYREG_FASTCLK_XMHZ_CSR), 0x05u);
 286              		.loc 1 234 0
 287 0012 45F20E52 		movw	r2, #21774
 288 0016 EE3B     		subs	r3, r3, #238
 289 0018 1A80     		strh	r2, [r3]	@ movhi
 235:Generated_Source\PSoC5/cyfitter_cfg.c **** 	/* Wait up to 130000us for the XTAL to lock */
 290              		.loc 1 235 0
 291 001a 023B     		subs	r3, r3, #2
 292 001c 0522     		movs	r2, #5
 293 001e 1A70     		strb	r2, [r3]
 237:Generated_Source\PSoC5/cyfitter_cfg.c **** 	for (timeout = 130000u / 10u; (timeout > 0u) && ((CY_GET_XTND_REG8((void CYFAR *)CYREG_FASTCLK_XMH
 294              		.loc 1 237 0
 295 0020 1B78     		ldrb	r3, [r3]	@ zero_extendqisi2
 296              	.LVL24:
ARM GAS  C:\Users\lenovo\AppData\Local\Temp\cc6ILcy0.s 			page 12


 238:Generated_Source\PSoC5/cyfitter_cfg.c **** 	{ 
 297              		.loc 1 238 0
 298 0022 43F2C824 		movw	r4, #13000
 299 0026 04E0     		b	.L18
 300              	.LVL25:
 301              	.L20:
 241:Generated_Source\PSoC5/cyfitter_cfg.c **** 	}
 302              		.loc 1 241 0 discriminator 4
 303 0028 4FF4F070 		mov	r0, #480
 304 002c FFF7FEFF 		bl	CyDelayCycles
 305              	.LVL26:
 238:Generated_Source\PSoC5/cyfitter_cfg.c **** 	{ 
 306              		.loc 1 238 0 discriminator 4
 307 0030 013C     		subs	r4, r4, #1
 308              	.LVL27:
 309              	.L18:
 238:Generated_Source\PSoC5/cyfitter_cfg.c **** 	{ 
 310              		.loc 1 238 0 is_stmt 0 discriminator 1
 311 0032 24B1     		cbz	r4, .L19
 238:Generated_Source\PSoC5/cyfitter_cfg.c **** 	{ 
 312              		.loc 1 238 0 discriminator 3
 313 0034 284B     		ldr	r3, .L26+12
 314 0036 1B78     		ldrb	r3, [r3]	@ zero_extendqisi2
 315 0038 13F0800F 		tst	r3, #128
 316 003c F4D1     		bne	.L20
 317              	.L19:
 245:Generated_Source\PSoC5/cyfitter_cfg.c **** 	CY_SET_XTND_REG8((void CYFAR *)(CYREG_IMO_TR1), (CY_GET_XTND_REG8((void CYFAR *)CYREG_FLSHID_CUST_
 318              		.loc 1 245 0 is_stmt 1
 319 003e 5222     		movs	r2, #82
 320 0040 264B     		ldr	r3, .L26+16
 321 0042 1A70     		strb	r2, [r3]
 246:Generated_Source\PSoC5/cyfitter_cfg.c **** 
 322              		.loc 1 246 0
 323 0044 264B     		ldr	r3, .L26+20
 324 0046 1B78     		ldrb	r3, [r3]	@ zero_extendqisi2
 325 0048 DBB2     		uxtb	r3, r3
 326 004a 264A     		ldr	r2, .L26+24
 327 004c 1370     		strb	r3, [r2]
 249:Generated_Source\PSoC5/cyfitter_cfg.c **** 	CY_SET_XTND_REG16((void CYFAR *)(CYREG_FASTCLK_PLL_CFG0), 0x1251u);
 328              		.loc 1 249 0
 329 004e 4FF4E262 		mov	r2, #1808
 330 0052 254B     		ldr	r3, .L26+28
 331 0054 1A80     		strh	r2, [r3]	@ movhi
 250:Generated_Source\PSoC5/cyfitter_cfg.c **** 	/* Wait up to 250us for the PLL to lock */
 332              		.loc 1 250 0
 333 0056 41F25122 		movw	r2, #4689
 334 005a 023B     		subs	r3, r3, #2
 335 005c 1A80     		strh	r2, [r3]	@ movhi
 336              	.LVL28:
 252:Generated_Source\PSoC5/cyfitter_cfg.c **** 	for (timeout = 250u / 10u; (timeout > 0u) && (pllLock != 0x03u); timeout--)
 337              		.loc 1 252 0
 338 005e 0024     		movs	r4, #0
 253:Generated_Source\PSoC5/cyfitter_cfg.c **** 	{ 
 339              		.loc 1 253 0
 340 0060 1925     		movs	r5, #25
 341 0062 0CE0     		b	.L21
 342              	.LVL29:
ARM GAS  C:\Users\lenovo\AppData\Local\Temp\cc6ILcy0.s 			page 13


 343              	.L23:
 255:Generated_Source\PSoC5/cyfitter_cfg.c **** 		CyDelayCycles(10u * 48u); /* Delay 10us based on 48MHz clock */
 344              		.loc 1 255 0 discriminator 4
 345 0064 214B     		ldr	r3, .L26+32
 346 0066 1B78     		ldrb	r3, [r3]	@ zero_extendqisi2
 347 0068 03F00103 		and	r3, r3, #1
 348 006c 43EA4404 		orr	r4, r3, r4, lsl #1
 349              	.LVL30:
 350 0070 04F00304 		and	r4, r4, #3
 351              	.LVL31:
 256:Generated_Source\PSoC5/cyfitter_cfg.c **** 	}
 352              		.loc 1 256 0 discriminator 4
 353 0074 4FF4F070 		mov	r0, #480
 354 0078 FFF7FEFF 		bl	CyDelayCycles
 355              	.LVL32:
 253:Generated_Source\PSoC5/cyfitter_cfg.c **** 	{ 
 356              		.loc 1 253 0 discriminator 4
 357 007c 013D     		subs	r5, r5, #1
 358              	.LVL33:
 359              	.L21:
 253:Generated_Source\PSoC5/cyfitter_cfg.c **** 	{ 
 360              		.loc 1 253 0 is_stmt 0 discriminator 1
 361 007e 0DB1     		cbz	r5, .L22
 253:Generated_Source\PSoC5/cyfitter_cfg.c **** 	{ 
 362              		.loc 1 253 0 discriminator 3
 363 0080 032C     		cmp	r4, #3
 364 0082 EFD1     		bne	.L23
 365              	.L22:
 259:Generated_Source\PSoC5/cyfitter_cfg.c **** 	{
 366              		.loc 1 259 0 is_stmt 1
 367 0084 15B9     		cbnz	r5, .L24
 261:Generated_Source\PSoC5/cyfitter_cfg.c **** 	}
 368              		.loc 1 261 0
 369 0086 0320     		movs	r0, #3
 370 0088 FFF7FEFF 		bl	CyClockStartupError
 371              	.LVL34:
 372              	.L24:
 265:Generated_Source\PSoC5/cyfitter_cfg.c **** 	CY_SET_XTND_REG8((void CYFAR *)(CYREG_CLKDIST_MSTR0), 0x07u);
 373              		.loc 1 265 0
 374 008c 184A     		ldr	r2, .L26+36
 375 008e 4FF48073 		mov	r3, #256
 376 0092 1380     		strh	r3, [r2]	@ movhi
 266:Generated_Source\PSoC5/cyfitter_cfg.c **** 	CY_SET_XTND_REG8((void CYFAR *)(CYREG_CLKDIST_BCFG0), 0x00u);
 377              		.loc 1 266 0
 378 0094 0723     		movs	r3, #7
 379 0096 1370     		strb	r3, [r2]
 267:Generated_Source\PSoC5/cyfitter_cfg.c **** 	CY_SET_XTND_REG8((void CYFAR *)(CYREG_CLKDIST_BCFG2), 0x48u);
 380              		.loc 1 267 0
 381 0098 0023     		movs	r3, #0
 382 009a 1649     		ldr	r1, .L26+40
 383 009c 0B70     		strb	r3, [r1]
 268:Generated_Source\PSoC5/cyfitter_cfg.c **** 	CY_SET_XTND_REG8((void CYFAR *)(CYREG_CLKDIST_MSTR0), 0x00u);
 384              		.loc 1 268 0
 385 009e 4820     		movs	r0, #72
 386 00a0 0231     		adds	r1, r1, #2
 387 00a2 0870     		strb	r0, [r1]
 269:Generated_Source\PSoC5/cyfitter_cfg.c **** 
ARM GAS  C:\Users\lenovo\AppData\Local\Temp\cc6ILcy0.s 			page 14


 388              		.loc 1 269 0
 389 00a4 1370     		strb	r3, [r2]
 272:Generated_Source\PSoC5/cyfitter_cfg.c **** 	CY_SET_XTND_REG8((void CYFAR *)(CYREG_CLKDIST_LD), 0x02u);
 390              		.loc 1 272 0
 391 00a6 0532     		adds	r2, r2, #5
 392 00a8 1370     		strb	r3, [r2]
 273:Generated_Source\PSoC5/cyfitter_cfg.c **** 	CY_SET_XTND_REG8((void CYFAR *)(CYREG_CLKDIST_DLY1), 0x04u);
 393              		.loc 1 273 0
 394 00aa 0222     		movs	r2, #2
 395 00ac 124B     		ldr	r3, .L26+44
 396 00ae 1A70     		strb	r2, [r3]
 274:Generated_Source\PSoC5/cyfitter_cfg.c **** 
 397              		.loc 1 274 0
 398 00b0 0422     		movs	r2, #4
 399 00b2 0A33     		adds	r3, r3, #10
 400 00b4 1A70     		strb	r2, [r3]
 276:Generated_Source\PSoC5/cyfitter_cfg.c **** 	CY_SET_XTND_REG8((void CYFAR *)(CYREG_PM_ACT_CFG0), ((CY_GET_XTND_REG8((void CYFAR *)CYREG_PM_ACT_
 401              		.loc 1 276 0
 402 00b6 114A     		ldr	r2, .L26+48
 403 00b8 1378     		ldrb	r3, [r2]	@ zero_extendqisi2
 404 00ba 43F00103 		orr	r3, r3, #1
 405 00be 1370     		strb	r3, [r2]
 277:Generated_Source\PSoC5/cyfitter_cfg.c **** }
 406              		.loc 1 277 0
 407 00c0 013A     		subs	r2, r2, #1
 408 00c2 1378     		ldrb	r3, [r2]	@ zero_extendqisi2
 409 00c4 43F08003 		orr	r3, r3, #128
 410 00c8 1370     		strb	r3, [r2]
 411 00ca 38BD     		pop	{r3, r4, r5, pc}
 412              	.LVL35:
 413              	.L27:
 414              		.align	2
 415              	.L26:
 416 00cc D0000048 		.word	1207959760
 417 00d0 00410040 		.word	1073758464
 418 00d4 00430040 		.word	1073758976
 419 00d8 10420040 		.word	1073758736
 420 00dc 00420040 		.word	1073758720
 421 00e0 0F010049 		.word	1224737039
 422 00e4 A1460040 		.word	1073759905
 423 00e8 22420040 		.word	1073758754
 424 00ec 25420040 		.word	1073758757
 425 00f0 04400040 		.word	1073758212
 426 00f4 06400040 		.word	1073758214
 427 00f8 01400040 		.word	1073758209
 428 00fc A1430040 		.word	1073759137
 429              		.cfi_endproc
 430              	.LFE5:
 431              		.size	ClockSetup, .-ClockSetup
 432              		.section	.text.SetAnalogRoutingPumps,"ax",%progbits
 433              		.align	2
 434              		.global	SetAnalogRoutingPumps
 435              		.thumb
 436              		.thumb_func
 437              		.type	SetAnalogRoutingPumps, %function
 438              	SetAnalogRoutingPumps:
 439              	.LFB7:
ARM GAS  C:\Users\lenovo\AppData\Local\Temp\cc6ILcy0.s 			page 15


 319:Generated_Source\PSoC5/cyfitter_cfg.c **** }
 320:Generated_Source\PSoC5/cyfitter_cfg.c **** 
 321:Generated_Source\PSoC5/cyfitter_cfg.c **** 
 322:Generated_Source\PSoC5/cyfitter_cfg.c **** /*******************************************************************************
 323:Generated_Source\PSoC5/cyfitter_cfg.c **** * Function Name: SetAnalogRoutingPumps
 324:Generated_Source\PSoC5/cyfitter_cfg.c **** ********************************************************************************
 325:Generated_Source\PSoC5/cyfitter_cfg.c **** *
 326:Generated_Source\PSoC5/cyfitter_cfg.c **** * Summary:
 327:Generated_Source\PSoC5/cyfitter_cfg.c **** * Enables or disables the analog pumps feeding analog routing switches.
 328:Generated_Source\PSoC5/cyfitter_cfg.c **** * Intended to be called at startup, based on the Vdda system configuration;
 329:Generated_Source\PSoC5/cyfitter_cfg.c **** * may be called during operation when the user informs us that the Vdda voltage
 330:Generated_Source\PSoC5/cyfitter_cfg.c **** * crossed the pump threshold.
 331:Generated_Source\PSoC5/cyfitter_cfg.c **** *
 332:Generated_Source\PSoC5/cyfitter_cfg.c **** * Parameters:
 333:Generated_Source\PSoC5/cyfitter_cfg.c **** *  enabled - 1 to enable the pumps, 0 to disable the pumps
 334:Generated_Source\PSoC5/cyfitter_cfg.c **** *
 335:Generated_Source\PSoC5/cyfitter_cfg.c **** * Return:
 336:Generated_Source\PSoC5/cyfitter_cfg.c **** *  void
 337:Generated_Source\PSoC5/cyfitter_cfg.c **** *
 338:Generated_Source\PSoC5/cyfitter_cfg.c **** *******************************************************************************/
 339:Generated_Source\PSoC5/cyfitter_cfg.c **** void SetAnalogRoutingPumps(uint8 enabled)
 340:Generated_Source\PSoC5/cyfitter_cfg.c **** {
 440              		.loc 1 340 0
 441              		.cfi_startproc
 442              		@ args = 0, pretend = 0, frame = 0
 443              		@ frame_needed = 0, uses_anonymous_args = 0
 444              		@ link register save eliminated.
 445              	.LVL36:
 341:Generated_Source\PSoC5/cyfitter_cfg.c **** 	uint8 regValue = CY_GET_XTND_REG8((void CYFAR *)CYREG_PUMP_CR0);
 446              		.loc 1 341 0
 447 0000 054B     		ldr	r3, .L31
 448 0002 1B78     		ldrb	r3, [r3]	@ zero_extendqisi2
 449 0004 DBB2     		uxtb	r3, r3
 450              	.LVL37:
 342:Generated_Source\PSoC5/cyfitter_cfg.c **** 	if (enabled != 0u)
 451              		.loc 1 342 0
 452 0006 10B1     		cbz	r0, .L29
 343:Generated_Source\PSoC5/cyfitter_cfg.c **** 	{
 344:Generated_Source\PSoC5/cyfitter_cfg.c **** 		regValue |= 0x22u;
 453              		.loc 1 344 0
 454 0008 43F02203 		orr	r3, r3, #34
 455              	.LVL38:
 456 000c 01E0     		b	.L30
 457              	.L29:
 345:Generated_Source\PSoC5/cyfitter_cfg.c **** 	}
 346:Generated_Source\PSoC5/cyfitter_cfg.c **** 	else
 347:Generated_Source\PSoC5/cyfitter_cfg.c **** 	{
 348:Generated_Source\PSoC5/cyfitter_cfg.c **** 		regValue &= (uint8)~0x22u;
 458              		.loc 1 348 0
 459 000e 03F0DD03 		and	r3, r3, #221
 460              	.LVL39:
 461              	.L30:
 349:Generated_Source\PSoC5/cyfitter_cfg.c **** 	}
 350:Generated_Source\PSoC5/cyfitter_cfg.c **** 	CY_SET_XTND_REG8((void CYFAR *)CYREG_PUMP_CR0, regValue);
 462              		.loc 1 350 0
 463 0012 014A     		ldr	r2, .L31
 464 0014 1370     		strb	r3, [r2]
ARM GAS  C:\Users\lenovo\AppData\Local\Temp\cc6ILcy0.s 			page 16


 465 0016 7047     		bx	lr
 466              	.L32:
 467              		.align	2
 468              	.L31:
 469 0018 76580040 		.word	1073764470
 470              		.cfi_endproc
 471              	.LFE7:
 472              		.size	SetAnalogRoutingPumps, .-SetAnalogRoutingPumps
 473              		.section	.text.cyfitter_cfg,"ax",%progbits
 474              		.align	2
 475              		.global	cyfitter_cfg
 476              		.thumb
 477              		.thumb_func
 478              		.type	cyfitter_cfg, %function
 479              	cyfitter_cfg:
 480              	.LFB8:
 351:Generated_Source\PSoC5/cyfitter_cfg.c **** }
 352:Generated_Source\PSoC5/cyfitter_cfg.c **** 
 353:Generated_Source\PSoC5/cyfitter_cfg.c **** 
 354:Generated_Source\PSoC5/cyfitter_cfg.c **** 
 355:Generated_Source\PSoC5/cyfitter_cfg.c **** 
 356:Generated_Source\PSoC5/cyfitter_cfg.c **** /*******************************************************************************
 357:Generated_Source\PSoC5/cyfitter_cfg.c **** * Function Name: cyfitter_cfg
 358:Generated_Source\PSoC5/cyfitter_cfg.c **** ********************************************************************************
 359:Generated_Source\PSoC5/cyfitter_cfg.c **** * Summary:
 360:Generated_Source\PSoC5/cyfitter_cfg.c **** *  This function is called by the start-up code for the selected device. It
 361:Generated_Source\PSoC5/cyfitter_cfg.c **** *  performs all of the necessary device configuration based on the design
 362:Generated_Source\PSoC5/cyfitter_cfg.c **** *  settings.  This includes settings from the Design Wide Resources (DWR) such
 363:Generated_Source\PSoC5/cyfitter_cfg.c **** *  as Clocks and Pins as well as any component configuration that is necessary.
 364:Generated_Source\PSoC5/cyfitter_cfg.c **** *
 365:Generated_Source\PSoC5/cyfitter_cfg.c **** * Parameters:
 366:Generated_Source\PSoC5/cyfitter_cfg.c **** *   void
 367:Generated_Source\PSoC5/cyfitter_cfg.c **** *
 368:Generated_Source\PSoC5/cyfitter_cfg.c **** * Return:
 369:Generated_Source\PSoC5/cyfitter_cfg.c **** *   void
 370:Generated_Source\PSoC5/cyfitter_cfg.c **** *
 371:Generated_Source\PSoC5/cyfitter_cfg.c **** *******************************************************************************/
 372:Generated_Source\PSoC5/cyfitter_cfg.c **** 
 373:Generated_Source\PSoC5/cyfitter_cfg.c **** void cyfitter_cfg(void)
 374:Generated_Source\PSoC5/cyfitter_cfg.c **** {
 481              		.loc 1 374 0
 482              		.cfi_startproc
 483              		@ args = 0, pretend = 0, frame = 0
 484              		@ frame_needed = 0, uses_anonymous_args = 0
 485 0000 38B5     		push	{r3, r4, r5, lr}
 486              		.cfi_def_cfa_offset 16
 487              		.cfi_offset 3, -16
 488              		.cfi_offset 4, -12
 489              		.cfi_offset 5, -8
 490              		.cfi_offset 14, -4
 375:Generated_Source\PSoC5/cyfitter_cfg.c **** #ifdef CYGlobalIntDisable
 376:Generated_Source\PSoC5/cyfitter_cfg.c **** 	/* Disable interrupts by default. Let user enable if/when they want. */
 377:Generated_Source\PSoC5/cyfitter_cfg.c **** 	CYGlobalIntDisable
 491              		.loc 1 377 0
 492              		.syntax unified
 493              	@ 377 "Generated_Source\PSoC5\cyfitter_cfg.c" 1
 494 0002 72B6     		CPSID   i
ARM GAS  C:\Users\lenovo\AppData\Local\Temp\cc6ILcy0.s 			page 17


 495              	@ 0 "" 2
 378:Generated_Source\PSoC5/cyfitter_cfg.c **** #endif
 379:Generated_Source\PSoC5/cyfitter_cfg.c **** 
 380:Generated_Source\PSoC5/cyfitter_cfg.c **** 	/* Enable/Disable Debug functionality based on settings from System DWR */
 381:Generated_Source\PSoC5/cyfitter_cfg.c **** 	CY_SET_XTND_REG8((void CYFAR *)CYREG_MLOGIC_DEBUG, (CY_GET_XTND_REG8((void CYFAR *)CYREG_MLOGIC_DE
 496              		.loc 1 381 0
 497              		.thumb
 498              		.syntax unified
 499 0004 214A     		ldr	r2, .L37
 500 0006 1378     		ldrb	r3, [r2]	@ zero_extendqisi2
 501 0008 43F00403 		orr	r3, r3, #4
 502 000c 1370     		strb	r3, [r2]
 503              	.LVL40:
 504              	.LBB3:
 382:Generated_Source\PSoC5/cyfitter_cfg.c **** 
 383:Generated_Source\PSoC5/cyfitter_cfg.c **** 	{
 384:Generated_Source\PSoC5/cyfitter_cfg.c **** 
 385:Generated_Source\PSoC5/cyfitter_cfg.c **** 		CYPACKED typedef struct {
 386:Generated_Source\PSoC5/cyfitter_cfg.c **** 			void CYFAR *address;
 387:Generated_Source\PSoC5/cyfitter_cfg.c **** 			uint16 size;
 388:Generated_Source\PSoC5/cyfitter_cfg.c **** 		} CYPACKED_ATTR cfg_memset_t;
 389:Generated_Source\PSoC5/cyfitter_cfg.c **** 
 390:Generated_Source\PSoC5/cyfitter_cfg.c **** 		static const cfg_memset_t CYCODE cfg_memset_list[] = {
 391:Generated_Source\PSoC5/cyfitter_cfg.c **** 			/* address, size */
 392:Generated_Source\PSoC5/cyfitter_cfg.c **** 			{(void CYFAR *)(CYREG_PRT0_DR), 16u},
 393:Generated_Source\PSoC5/cyfitter_cfg.c **** 			{(void CYFAR *)(CYREG_PRT2_DR), 80u},
 394:Generated_Source\PSoC5/cyfitter_cfg.c **** 			{(void CYFAR *)(CYREG_PRT12_DR), 16u},
 395:Generated_Source\PSoC5/cyfitter_cfg.c **** 			{(void CYFAR *)(CYDEV_UCFG_B0_P0_U0_BASE), 4096u},
 396:Generated_Source\PSoC5/cyfitter_cfg.c **** 			{(void CYFAR *)(CYDEV_UCFG_B1_P2_U0_BASE), 2048u},
 397:Generated_Source\PSoC5/cyfitter_cfg.c **** 			{(void CYFAR *)(CYDEV_UCFG_DSI0_BASE), 2560u},
 398:Generated_Source\PSoC5/cyfitter_cfg.c **** 			{(void CYFAR *)(CYDEV_UCFG_DSI12_BASE), 512u},
 399:Generated_Source\PSoC5/cyfitter_cfg.c **** 			{(void CYFAR *)(CYREG_BCTL0_MDCLK_EN), 32u},
 400:Generated_Source\PSoC5/cyfitter_cfg.c **** 		};
 401:Generated_Source\PSoC5/cyfitter_cfg.c **** 
 402:Generated_Source\PSoC5/cyfitter_cfg.c **** 		uint8 CYDATA i;
 403:Generated_Source\PSoC5/cyfitter_cfg.c **** 
 404:Generated_Source\PSoC5/cyfitter_cfg.c **** 		/* Zero out critical memory blocks before beginning configuration */
 405:Generated_Source\PSoC5/cyfitter_cfg.c **** 		for (i = 0u; i < (sizeof(cfg_memset_list)/sizeof(cfg_memset_list[0])); i++)
 505              		.loc 1 405 0
 506 000e 0024     		movs	r4, #0
 507 0010 0CE0     		b	.L34
 508              	.LVL41:
 509              	.L35:
 510              	.LBB4:
 406:Generated_Source\PSoC5/cyfitter_cfg.c **** 		{
 407:Generated_Source\PSoC5/cyfitter_cfg.c **** 			const cfg_memset_t CYCODE * CYDATA ms = &cfg_memset_list[i];
 408:Generated_Source\PSoC5/cyfitter_cfg.c **** 			CYMEMZERO(ms->address, (size_t)(uint32)(ms->size));
 511              		.loc 1 408 0 discriminator 3
 512 0012 1F4D     		ldr	r5, .L37+4
 513 0014 6300     		lsls	r3, r4, #1
 514 0016 1919     		adds	r1, r3, r4
 515 0018 4A00     		lsls	r2, r1, #1
 516 001a 1146     		mov	r1, r2
 517 001c 2A44     		add	r2, r2, r5
 518 001e 0846     		mov	r0, r1
 519 0020 9188     		ldrh	r1, [r2, #4]
 520 0022 2858     		ldr	r0, [r5, r0]	@ unaligned
ARM GAS  C:\Users\lenovo\AppData\Local\Temp\cc6ILcy0.s 			page 18


 521 0024 FFF7FEFF 		bl	CYMEMZERO
 522              	.LVL42:
 523              	.LBE4:
 405:Generated_Source\PSoC5/cyfitter_cfg.c **** 		{
 524              		.loc 1 405 0 discriminator 3
 525 0028 0134     		adds	r4, r4, #1
 526              	.LVL43:
 527 002a E4B2     		uxtb	r4, r4
 528              	.LVL44:
 529              	.L34:
 405:Generated_Source\PSoC5/cyfitter_cfg.c **** 		{
 530              		.loc 1 405 0 is_stmt 0 discriminator 1
 531 002c 072C     		cmp	r4, #7
 532 002e F0D9     		bls	.L35
 409:Generated_Source\PSoC5/cyfitter_cfg.c **** 		}
 410:Generated_Source\PSoC5/cyfitter_cfg.c **** 
 411:Generated_Source\PSoC5/cyfitter_cfg.c **** 		cfg_write_bytes32(cy_cfg_addr_table, cy_cfg_data_table);
 533              		.loc 1 411 0 is_stmt 1
 534 0030 1849     		ldr	r1, .L37+8
 535 0032 4FF09040 		mov	r0, #1207959552
 536 0036 FFF7FEFF 		bl	cfg_write_bytes32
 537              	.LVL45:
 412:Generated_Source\PSoC5/cyfitter_cfg.c **** 
 413:Generated_Source\PSoC5/cyfitter_cfg.c **** 		/* Enable digital routing */
 414:Generated_Source\PSoC5/cyfitter_cfg.c **** 		CY_SET_XTND_REG8((void CYFAR *)CYREG_BCTL0_BANK_CTL, CY_GET_XTND_REG8((void CYFAR *)CYREG_BCTL0_B
 538              		.loc 1 414 0
 539 003a 174A     		ldr	r2, .L37+12
 540 003c 1378     		ldrb	r3, [r2]	@ zero_extendqisi2
 541 003e 43F00203 		orr	r3, r3, #2
 542 0042 1370     		strb	r3, [r2]
 415:Generated_Source\PSoC5/cyfitter_cfg.c **** 		CY_SET_XTND_REG8((void CYFAR *)CYREG_BCTL1_BANK_CTL, CY_GET_XTND_REG8((void CYFAR *)CYREG_BCTL1_B
 543              		.loc 1 415 0
 544 0044 1032     		adds	r2, r2, #16
 545 0046 1378     		ldrb	r3, [r2]	@ zero_extendqisi2
 546 0048 43F00203 		orr	r3, r3, #2
 547 004c 1370     		strb	r3, [r2]
 548              	.LBE3:
 416:Generated_Source\PSoC5/cyfitter_cfg.c **** 	}
 417:Generated_Source\PSoC5/cyfitter_cfg.c **** 
 418:Generated_Source\PSoC5/cyfitter_cfg.c **** 
 419:Generated_Source\PSoC5/cyfitter_cfg.c **** 	/* Perform second pass device configuration. These items must be configured in specific order afte
 420:Generated_Source\PSoC5/cyfitter_cfg.c **** 	CYCONFIGCPY((void CYFAR *)(CYREG_PRT15_DR), (const void CYFAR *)(BS_IOPINS0_8_VAL), 10u);
 549              		.loc 1 420 0
 550 004e 0A22     		movs	r2, #10
 551 0050 1249     		ldr	r1, .L37+16
 552 0052 1348     		ldr	r0, .L37+20
 553 0054 FFF7FEFF 		bl	CYCONFIGCPY
 554              	.LVL46:
 421:Generated_Source\PSoC5/cyfitter_cfg.c **** 	CYCONFIGCPY((void CYFAR *)(CYREG_PRT1_DM0), (const void CYFAR *)(BS_IOPINS0_1_VAL), 8u);
 555              		.loc 1 421 0
 556 0058 0822     		movs	r2, #8
 557 005a 1249     		ldr	r1, .L37+24
 558 005c 1248     		ldr	r0, .L37+28
 559 005e FFF7FEFF 		bl	CYCONFIGCPY
 560              	.LVL47:
 422:Generated_Source\PSoC5/cyfitter_cfg.c **** 	/* Switch Boost to the precision bandgap reference from its internal reference */
 423:Generated_Source\PSoC5/cyfitter_cfg.c **** 	CY_SET_REG8((void CYXDATA *)CYREG_BOOST_CR2, (CY_GET_REG8((void CYXDATA *)CYREG_BOOST_CR2) | 0x08u
ARM GAS  C:\Users\lenovo\AppData\Local\Temp\cc6ILcy0.s 			page 19


 561              		.loc 1 423 0
 562 0062 124A     		ldr	r2, .L37+32
 563 0064 1378     		ldrb	r3, [r2]	@ zero_extendqisi2
 564 0066 43F00803 		orr	r3, r3, #8
 565 006a 1370     		strb	r3, [r2]
 424:Generated_Source\PSoC5/cyfitter_cfg.c **** 
 425:Generated_Source\PSoC5/cyfitter_cfg.c **** 	/* Set Flash Cycles based on max possible frequency in case a glitch occurs during ClockSetup(). *
 426:Generated_Source\PSoC5/cyfitter_cfg.c **** 	CY_SET_XTND_REG8((void CYFAR *)(CYREG_CACHE_CC_CTL), (((CYDEV_INSTRUCT_CACHE_ENABLED) != 0) ? 0x61
 566              		.loc 1 426 0
 567 006c 104C     		ldr	r4, .L37+36
 568              	.LVL48:
 569 006e 6123     		movs	r3, #97
 570 0070 2370     		strb	r3, [r4]
 427:Generated_Source\PSoC5/cyfitter_cfg.c **** 	/* Setup clocks based on selections from Clock DWR */
 428:Generated_Source\PSoC5/cyfitter_cfg.c **** 	ClockSetup();
 571              		.loc 1 428 0
 572 0072 FFF7FEFF 		bl	ClockSetup
 573              	.LVL49:
 429:Generated_Source\PSoC5/cyfitter_cfg.c **** 	/* Set Flash Cycles based on newly configured 48.00MHz Bus Clock. */
 430:Generated_Source\PSoC5/cyfitter_cfg.c **** 	CY_SET_XTND_REG8((void CYFAR *)(CYREG_CACHE_CC_CTL), (((CYDEV_INSTRUCT_CACHE_ENABLED) != 0) ? 0xC1
 574              		.loc 1 430 0
 575 0076 C123     		movs	r3, #193
 576 0078 2370     		strb	r3, [r4]
 431:Generated_Source\PSoC5/cyfitter_cfg.c **** 
 432:Generated_Source\PSoC5/cyfitter_cfg.c **** 	/* Perform basic analog initialization to defaults */
 433:Generated_Source\PSoC5/cyfitter_cfg.c **** 	AnalogSetDefault();
 577              		.loc 1 433 0
 578 007a FFF7FEFF 		bl	AnalogSetDefault
 579              	.LVL50:
 434:Generated_Source\PSoC5/cyfitter_cfg.c **** 
 435:Generated_Source\PSoC5/cyfitter_cfg.c **** 	/* Configure alternate active mode */
 436:Generated_Source\PSoC5/cyfitter_cfg.c **** 	CYCONFIGCPY((void CYFAR *)CYDEV_PM_STBY_BASE, (const void CYFAR *)CYDEV_PM_ACT_BASE, 14u);
 580              		.loc 1 436 0
 581 007e 0E22     		movs	r2, #14
 582 0080 0C49     		ldr	r1, .L37+40
 583 0082 0D48     		ldr	r0, .L37+44
 584 0084 FFF7FEFF 		bl	CYCONFIGCPY
 585              	.LVL51:
 586 0088 38BD     		pop	{r3, r4, r5, pc}
 587              	.L38:
 588 008a 00BF     		.align	2
 589              	.L37:
 590 008c E8460040 		.word	1073759976
 591 0090 00000000 		.word	.LANCHOR0
 592 0094 5C000048 		.word	1207959644
 593 0098 03500140 		.word	1073827843
 594 009c BC000048 		.word	1207959740
 595 00a0 F0510040 		.word	1073762800
 596 00a4 C8000048 		.word	1207959752
 597 00a8 12510040 		.word	1073762578
 598 00ac 22430040 		.word	1073759010
 599 00b0 00480040 		.word	1073760256
 600 00b4 A0430040 		.word	1073759136
 601 00b8 B0430040 		.word	1073759152
 602              		.cfi_endproc
 603              	.LFE8:
 604              		.size	cyfitter_cfg, .-cyfitter_cfg
ARM GAS  C:\Users\lenovo\AppData\Local\Temp\cc6ILcy0.s 			page 20


 605              		.section	.rodata
 606              		.align	2
 607              		.set	.LANCHOR0,. + 0
 608              		.type	cfg_memset_list.5018, %object
 609              		.size	cfg_memset_list.5018, 48
 610              	cfg_memset_list.5018:
 611 0000 00510040 		.word	1073762560
 612 0004 1000     		.short	16
 613 0006 20510040 		.4byte	1073762592
 614 000a 5000     		.short	80
 615 000c C0510040 		.word	1073762752
 616 0010 1000     		.short	16
 617 0012 00000140 		.4byte	1073807360
 618 0016 0010     		.short	4096
 619 0018 00140140 		.word	1073812480
 620 001c 0008     		.short	2048
 621 001e 00400140 		.4byte	1073823744
 622 0022 000A     		.short	2560
 623 0024 004C0140 		.word	1073826816
 624 0028 0002     		.short	512
 625 002a 00500140 		.4byte	1073827840
 626 002e 2000     		.short	32
 627              		.text
 628              	.Letext0:
 629              		.file 2 "c:\\program files (x86)\\cypress\\psoc creator\\4.4\\psoc creator\\import\\gnu\\arm\\5.4.
 630              		.file 3 "Generated_Source\\PSoC5\\cytypes.h"
 631              		.file 4 "Generated_Source\\PSoC5\\CyLib.h"
 632              		.section	.debug_info,"",%progbits
 633              	.Ldebug_info0:
 634 0000 17050000 		.4byte	0x517
 635 0004 0400     		.2byte	0x4
 636 0006 00000000 		.4byte	.Ldebug_abbrev0
 637 000a 04       		.byte	0x4
 638 000b 01       		.uleb128 0x1
 639 000c 9F000000 		.4byte	.LASF49
 640 0010 0C       		.byte	0xc
 641 0011 70020000 		.4byte	.LASF50
 642 0015 FA010000 		.4byte	.LASF51
 643 0019 00000000 		.4byte	.Ldebug_ranges0+0
 644 001d 00000000 		.4byte	0
 645 0021 00000000 		.4byte	.Ldebug_line0
 646 0025 02       		.uleb128 0x2
 647 0026 04       		.byte	0x4
 648 0027 05       		.byte	0x5
 649 0028 696E7400 		.ascii	"int\000"
 650 002c 03       		.uleb128 0x3
 651 002d 19000000 		.4byte	.LASF12
 652 0031 02       		.byte	0x2
 653 0032 D8       		.byte	0xd8
 654 0033 37000000 		.4byte	0x37
 655 0037 04       		.uleb128 0x4
 656 0038 04       		.byte	0x4
 657 0039 07       		.byte	0x7
 658 003a CE010000 		.4byte	.LASF0
 659 003e 04       		.uleb128 0x4
 660 003f 08       		.byte	0x8
 661 0040 05       		.byte	0x5
ARM GAS  C:\Users\lenovo\AppData\Local\Temp\cc6ILcy0.s 			page 21


 662 0041 62020000 		.4byte	.LASF1
 663 0045 04       		.uleb128 0x4
 664 0046 08       		.byte	0x8
 665 0047 04       		.byte	0x4
 666 0048 E1020000 		.4byte	.LASF2
 667 004c 04       		.uleb128 0x4
 668 004d 01       		.byte	0x1
 669 004e 06       		.byte	0x6
 670 004f FF020000 		.4byte	.LASF3
 671 0053 04       		.uleb128 0x4
 672 0054 01       		.byte	0x1
 673 0055 08       		.byte	0x8
 674 0056 65010000 		.4byte	.LASF4
 675 005a 04       		.uleb128 0x4
 676 005b 02       		.byte	0x2
 677 005c 05       		.byte	0x5
 678 005d C1020000 		.4byte	.LASF5
 679 0061 04       		.uleb128 0x4
 680 0062 02       		.byte	0x2
 681 0063 07       		.byte	0x7
 682 0064 50000000 		.4byte	.LASF6
 683 0068 04       		.uleb128 0x4
 684 0069 04       		.byte	0x4
 685 006a 05       		.byte	0x5
 686 006b D3020000 		.4byte	.LASF7
 687 006f 04       		.uleb128 0x4
 688 0070 04       		.byte	0x4
 689 0071 07       		.byte	0x7
 690 0072 2D010000 		.4byte	.LASF8
 691 0076 04       		.uleb128 0x4
 692 0077 08       		.byte	0x8
 693 0078 07       		.byte	0x7
 694 0079 E3010000 		.4byte	.LASF9
 695 007d 04       		.uleb128 0x4
 696 007e 04       		.byte	0x4
 697 007f 07       		.byte	0x7
 698 0080 59020000 		.4byte	.LASF10
 699 0084 05       		.uleb128 0x5
 700 0085 04       		.byte	0x4
 701 0086 04       		.uleb128 0x4
 702 0087 01       		.byte	0x1
 703 0088 08       		.byte	0x8
 704 0089 DC020000 		.4byte	.LASF11
 705 008d 06       		.uleb128 0x6
 706 008e 3F010000 		.4byte	.LASF13
 707 0092 03       		.byte	0x3
 708 0093 E901     		.2byte	0x1e9
 709 0095 53000000 		.4byte	0x53
 710 0099 06       		.uleb128 0x6
 711 009a AB010000 		.4byte	.LASF14
 712 009e 03       		.byte	0x3
 713 009f EA01     		.2byte	0x1ea
 714 00a1 61000000 		.4byte	0x61
 715 00a5 06       		.uleb128 0x6
 716 00a6 C7010000 		.4byte	.LASF15
 717 00aa 03       		.byte	0x3
 718 00ab EB01     		.2byte	0x1eb
ARM GAS  C:\Users\lenovo\AppData\Local\Temp\cc6ILcy0.s 			page 22


 719 00ad 6F000000 		.4byte	0x6f
 720 00b1 04       		.uleb128 0x4
 721 00b2 04       		.byte	0x4
 722 00b3 04       		.byte	0x4
 723 00b4 6B000000 		.4byte	.LASF16
 724 00b8 04       		.uleb128 0x4
 725 00b9 08       		.byte	0x8
 726 00ba 04       		.byte	0x4
 727 00bb 7A010000 		.4byte	.LASF17
 728 00bf 06       		.uleb128 0x6
 729 00c0 14000000 		.4byte	.LASF18
 730 00c4 03       		.byte	0x3
 731 00c5 9302     		.2byte	0x293
 732 00c7 CB000000 		.4byte	0xcb
 733 00cb 07       		.uleb128 0x7
 734 00cc 8D000000 		.4byte	0x8d
 735 00d0 06       		.uleb128 0x6
 736 00d1 00000000 		.4byte	.LASF19
 737 00d5 03       		.byte	0x3
 738 00d6 9402     		.2byte	0x294
 739 00d8 DC000000 		.4byte	0xdc
 740 00dc 07       		.uleb128 0x7
 741 00dd 99000000 		.4byte	0x99
 742 00e1 08       		.uleb128 0x8
 743 00e2 02       		.byte	0x2
 744 00e3 01       		.byte	0x1
 745 00e4 98       		.byte	0x98
 746 00e5 02010000 		.4byte	0x102
 747 00e9 09       		.uleb128 0x9
 748 00ea BA020000 		.4byte	.LASF20
 749 00ee 01       		.byte	0x1
 750 00ef 9A       		.byte	0x9a
 751 00f0 8D000000 		.4byte	0x8d
 752 00f4 00       		.byte	0
 753 00f5 09       		.uleb128 0x9
 754 00f6 39000000 		.4byte	.LASF21
 755 00fa 01       		.byte	0x1
 756 00fb 9B       		.byte	0x9b
 757 00fc 8D000000 		.4byte	0x8d
 758 0100 01       		.byte	0x1
 759 0101 00       		.byte	0
 760 0102 03       		.uleb128 0x3
 761 0103 A7020000 		.4byte	.LASF22
 762 0107 01       		.byte	0x1
 763 0108 9C       		.byte	0x9c
 764 0109 E1000000 		.4byte	0xe1
 765 010d 0A       		.uleb128 0xa
 766 010e 71000000 		.4byte	.LASF52
 767 0112 01       		.byte	0x1
 768 0113 7F       		.byte	0x7f
 769 0114 00000000 		.4byte	.LFB3
 770 0118 02000000 		.4byte	.LFE3-.LFB3
 771 011c 01       		.uleb128 0x1
 772 011d 9C       		.byte	0x9c
 773 011e 30010000 		.4byte	0x130
 774 0122 0B       		.uleb128 0xb
 775 0123 BD010000 		.4byte	.LASF23
ARM GAS  C:\Users\lenovo\AppData\Local\Temp\cc6ILcy0.s 			page 23


 776 0127 01       		.byte	0x1
 777 0128 7F       		.byte	0x7f
 778 0129 8D000000 		.4byte	0x8d
 779 012d 01       		.uleb128 0x1
 780 012e 50       		.byte	0x50
 781 012f 00       		.byte	0
 782 0130 0C       		.uleb128 0xc
 783 0131 81010000 		.4byte	.LASF28
 784 0135 01       		.byte	0x1
 785 0136 BA       		.byte	0xba
 786 0137 00000000 		.4byte	.LFB4
 787 013b 34000000 		.4byte	.LFE4-.LFB4
 788 013f 01       		.uleb128 0x1
 789 0140 9C       		.byte	0x9c
 790 0141 A2010000 		.4byte	0x1a2
 791 0145 0B       		.uleb128 0xb
 792 0146 A0010000 		.4byte	.LASF24
 793 014a 01       		.byte	0x1
 794 014b BA       		.byte	0xba
 795 014c A2010000 		.4byte	0x1a2
 796 0150 01       		.uleb128 0x1
 797 0151 50       		.byte	0x50
 798 0152 0B       		.uleb128 0xb
 799 0153 B2010000 		.4byte	.LASF25
 800 0157 01       		.byte	0x1
 801 0158 BA       		.byte	0xba
 802 0159 AD010000 		.4byte	0x1ad
 803 015d 01       		.uleb128 0x1
 804 015e 51       		.byte	0x51
 805 015f 0D       		.uleb128 0xd
 806 0160 6900     		.ascii	"i\000"
 807 0162 01       		.byte	0x1
 808 0163 BD       		.byte	0xbd
 809 0164 A5000000 		.4byte	0xa5
 810 0168 00000000 		.4byte	.LLST0
 811 016c 0D       		.uleb128 0xd
 812 016d 6A00     		.ascii	"j\000"
 813 016f 01       		.byte	0x1
 814 0170 BD       		.byte	0xbd
 815 0171 A5000000 		.4byte	0xa5
 816 0175 1F000000 		.4byte	.LLST1
 817 0179 0E       		.uleb128 0xe
 818 017a 08000000 		.4byte	.LBB2
 819 017e 22000000 		.4byte	.LBE2-.LBB2
 820 0182 0F       		.uleb128 0xf
 821 0183 50020000 		.4byte	.LASF26
 822 0187 01       		.byte	0x1
 823 0188 C0       		.byte	0xc0
 824 0189 A5000000 		.4byte	0xa5
 825 018d 3E000000 		.4byte	.LLST2
 826 0191 0F       		.uleb128 0xf
 827 0192 3F000000 		.4byte	.LASF27
 828 0196 01       		.byte	0x1
 829 0197 C1       		.byte	0xc1
 830 0198 8D000000 		.4byte	0x8d
 831 019c 51000000 		.4byte	.LLST3
 832 01a0 00       		.byte	0
ARM GAS  C:\Users\lenovo\AppData\Local\Temp\cc6ILcy0.s 			page 24


 833 01a1 00       		.byte	0
 834 01a2 10       		.uleb128 0x10
 835 01a3 04       		.byte	0x4
 836 01a4 A8010000 		.4byte	0x1a8
 837 01a8 11       		.uleb128 0x11
 838 01a9 A5000000 		.4byte	0xa5
 839 01ad 10       		.uleb128 0x10
 840 01ae 04       		.byte	0x4
 841 01af B3010000 		.4byte	0x1b3
 842 01b3 11       		.uleb128 0x11
 843 01b4 02010000 		.4byte	0x102
 844 01b8 0C       		.uleb128 0xc
 845 01b9 45010000 		.4byte	.LASF29
 846 01bd 01       		.byte	0x1
 847 01be 4D       		.byte	0x4d
 848 01bf 00000000 		.4byte	.LFB0
 849 01c3 0C000000 		.4byte	.LFE0-.LFB0
 850 01c7 01       		.uleb128 0x1
 851 01c8 9C       		.byte	0x9c
 852 01c9 05020000 		.4byte	0x205
 853 01cd 12       		.uleb128 0x12
 854 01ce 7300     		.ascii	"s\000"
 855 01d0 01       		.byte	0x1
 856 01d1 4D       		.byte	0x4d
 857 01d2 84000000 		.4byte	0x84
 858 01d6 6F000000 		.4byte	.LLST4
 859 01da 12       		.uleb128 0x12
 860 01db 6E00     		.ascii	"n\000"
 861 01dd 01       		.byte	0x1
 862 01de 4D       		.byte	0x4d
 863 01df 2C000000 		.4byte	0x2c
 864 01e3 90000000 		.4byte	.LLST5
 865 01e7 13       		.uleb128 0x13
 866 01e8 0A000000 		.4byte	.LVL14
 867 01ec F2040000 		.4byte	0x4f2
 868 01f0 14       		.uleb128 0x14
 869 01f1 01       		.uleb128 0x1
 870 01f2 50       		.byte	0x50
 871 01f3 03       		.uleb128 0x3
 872 01f4 F3       		.byte	0xf3
 873 01f5 01       		.uleb128 0x1
 874 01f6 50       		.byte	0x50
 875 01f7 14       		.uleb128 0x14
 876 01f8 01       		.uleb128 0x1
 877 01f9 51       		.byte	0x51
 878 01fa 01       		.uleb128 0x1
 879 01fb 30       		.byte	0x30
 880 01fc 14       		.uleb128 0x14
 881 01fd 01       		.uleb128 0x1
 882 01fe 52       		.byte	0x52
 883 01ff 03       		.uleb128 0x3
 884 0200 F3       		.byte	0xf3
 885 0201 01       		.uleb128 0x1
 886 0202 51       		.byte	0x51
 887 0203 00       		.byte	0
 888 0204 00       		.byte	0
 889 0205 15       		.uleb128 0x15
ARM GAS  C:\Users\lenovo\AppData\Local\Temp\cc6ILcy0.s 			page 25


 890 0206 20000000 		.4byte	.LASF30
 891 020a 01       		.byte	0x1
 892 020b 2C01     		.2byte	0x12c
 893 020d 00000000 		.4byte	.LFB6
 894 0211 78000000 		.4byte	.LFE6-.LFB6
 895 0215 01       		.uleb128 0x1
 896 0216 9C       		.byte	0x9c
 897 0217 5B020000 		.4byte	0x25b
 898 021b 16       		.uleb128 0x16
 899 021c ED020000 		.4byte	.LASF31
 900 0220 01       		.byte	0x1
 901 0221 2E01     		.2byte	0x12e
 902 0223 8D000000 		.4byte	0x8d
 903 0227 BC000000 		.4byte	.LLST6
 904 022b 17       		.uleb128 0x17
 905 022c 63723400 		.ascii	"cr4\000"
 906 0230 01       		.byte	0x1
 907 0231 2F01     		.2byte	0x12f
 908 0233 8D000000 		.4byte	0x8d
 909 0237 CF000000 		.4byte	.LLST7
 910 023b 17       		.uleb128 0x17
 911 023c 63723500 		.ascii	"cr5\000"
 912 0240 01       		.byte	0x1
 913 0241 3001     		.2byte	0x130
 914 0243 8D000000 		.4byte	0x8d
 915 0247 E2000000 		.4byte	.LLST8
 916 024b 13       		.uleb128 0x13
 917 024c 52000000 		.4byte	.LVL19
 918 0250 FB040000 		.4byte	0x4fb
 919 0254 14       		.uleb128 0x14
 920 0255 01       		.uleb128 0x1
 921 0256 50       		.byte	0x50
 922 0257 01       		.uleb128 0x1
 923 0258 3A       		.byte	0x3a
 924 0259 00       		.byte	0
 925 025a 00       		.byte	0
 926 025b 0C       		.uleb128 0xc
 927 025c 14030000 		.4byte	.LASF32
 928 0260 01       		.byte	0x1
 929 0261 54       		.byte	0x54
 930 0262 00000000 		.4byte	.LFB1
 931 0266 08000000 		.4byte	.LFE1-.LFB1
 932 026a 01       		.uleb128 0x1
 933 026b 9C       		.byte	0x9c
 934 026c BB020000 		.4byte	0x2bb
 935 0270 18       		.uleb128 0x18
 936 0271 85000000 		.4byte	.LASF33
 937 0275 01       		.byte	0x1
 938 0276 54       		.byte	0x54
 939 0277 84000000 		.4byte	0x84
 940 027b F5000000 		.4byte	.LLST9
 941 027f 12       		.uleb128 0x12
 942 0280 73726300 		.ascii	"src\000"
 943 0284 01       		.byte	0x1
 944 0285 54       		.byte	0x54
 945 0286 BB020000 		.4byte	0x2bb
 946 028a 16010000 		.4byte	.LLST10
ARM GAS  C:\Users\lenovo\AppData\Local\Temp\cc6ILcy0.s 			page 26


 947 028e 12       		.uleb128 0x12
 948 028f 6E00     		.ascii	"n\000"
 949 0291 01       		.byte	0x1
 950 0292 54       		.byte	0x54
 951 0293 2C000000 		.4byte	0x2c
 952 0297 37010000 		.4byte	.LLST11
 953 029b 13       		.uleb128 0x13
 954 029c 06000000 		.4byte	.LVL22
 955 02a0 06050000 		.4byte	0x506
 956 02a4 14       		.uleb128 0x14
 957 02a5 01       		.uleb128 0x1
 958 02a6 50       		.byte	0x50
 959 02a7 03       		.uleb128 0x3
 960 02a8 F3       		.byte	0xf3
 961 02a9 01       		.uleb128 0x1
 962 02aa 50       		.byte	0x50
 963 02ab 14       		.uleb128 0x14
 964 02ac 01       		.uleb128 0x1
 965 02ad 51       		.byte	0x51
 966 02ae 03       		.uleb128 0x3
 967 02af F3       		.byte	0xf3
 968 02b0 01       		.uleb128 0x1
 969 02b1 51       		.byte	0x51
 970 02b2 14       		.uleb128 0x14
 971 02b3 01       		.uleb128 0x1
 972 02b4 52       		.byte	0x52
 973 02b5 03       		.uleb128 0x3
 974 02b6 F3       		.byte	0xf3
 975 02b7 01       		.uleb128 0x1
 976 02b8 52       		.byte	0x52
 977 02b9 00       		.byte	0
 978 02ba 00       		.byte	0
 979 02bb 10       		.uleb128 0x10
 980 02bc 04       		.byte	0x4
 981 02bd C1020000 		.4byte	0x2c1
 982 02c1 19       		.uleb128 0x19
 983 02c2 0C       		.uleb128 0xc
 984 02c3 45000000 		.4byte	.LASF34
 985 02c7 01       		.byte	0x1
 986 02c8 DD       		.byte	0xdd
 987 02c9 00000000 		.4byte	.LFB5
 988 02cd 00010000 		.4byte	.LFE5-.LFB5
 989 02d1 01       		.uleb128 0x1
 990 02d2 9C       		.byte	0x9c
 991 02d3 54030000 		.4byte	0x354
 992 02d7 0F       		.uleb128 0xf
 993 02d8 31000000 		.4byte	.LASF35
 994 02dc 01       		.byte	0x1
 995 02dd DF       		.byte	0xdf
 996 02de A5000000 		.4byte	0xa5
 997 02e2 58010000 		.4byte	.LLST12
 998 02e6 0F       		.uleb128 0xf
 999 02e7 63000000 		.4byte	.LASF36
 1000 02eb 01       		.byte	0x1
 1001 02ec E0       		.byte	0xe0
 1002 02ed 8D000000 		.4byte	0x8d
 1003 02f1 90010000 		.4byte	.LLST13
ARM GAS  C:\Users\lenovo\AppData\Local\Temp\cc6ILcy0.s 			page 27


 1004 02f5 1A       		.uleb128 0x1a
 1005 02f6 0C000000 		.4byte	.LVL23
 1006 02fa 5B020000 		.4byte	0x25b
 1007 02fe 1A030000 		.4byte	0x31a
 1008 0302 14       		.uleb128 0x14
 1009 0303 01       		.uleb128 0x1
 1010 0304 50       		.byte	0x50
 1011 0305 05       		.uleb128 0x5
 1012 0306 0C       		.byte	0xc
 1013 0307 00410040 		.4byte	0x40004100
 1014 030b 14       		.uleb128 0x14
 1015 030c 01       		.uleb128 0x1
 1016 030d 51       		.byte	0x51
 1017 030e 05       		.uleb128 0x5
 1018 030f 0C       		.byte	0xc
 1019 0310 D0000048 		.4byte	0x480000d0
 1020 0314 14       		.uleb128 0x14
 1021 0315 01       		.uleb128 0x1
 1022 0316 52       		.byte	0x52
 1023 0317 01       		.uleb128 0x1
 1024 0318 34       		.byte	0x34
 1025 0319 00       		.byte	0
 1026 031a 1A       		.uleb128 0x1a
 1027 031b 30000000 		.4byte	.LVL26
 1028 031f 0F050000 		.4byte	0x50f
 1029 0323 2F030000 		.4byte	0x32f
 1030 0327 14       		.uleb128 0x14
 1031 0328 01       		.uleb128 0x1
 1032 0329 50       		.byte	0x50
 1033 032a 03       		.uleb128 0x3
 1034 032b 0A       		.byte	0xa
 1035 032c E001     		.2byte	0x1e0
 1036 032e 00       		.byte	0
 1037 032f 1A       		.uleb128 0x1a
 1038 0330 7C000000 		.4byte	.LVL32
 1039 0334 0F050000 		.4byte	0x50f
 1040 0338 44030000 		.4byte	0x344
 1041 033c 14       		.uleb128 0x14
 1042 033d 01       		.uleb128 0x1
 1043 033e 50       		.byte	0x50
 1044 033f 03       		.uleb128 0x3
 1045 0340 0A       		.byte	0xa
 1046 0341 E001     		.2byte	0x1e0
 1047 0343 00       		.byte	0
 1048 0344 13       		.uleb128 0x13
 1049 0345 8C000000 		.4byte	.LVL34
 1050 0349 0D010000 		.4byte	0x10d
 1051 034d 14       		.uleb128 0x14
 1052 034e 01       		.uleb128 0x1
 1053 034f 50       		.byte	0x50
 1054 0350 01       		.uleb128 0x1
 1055 0351 33       		.byte	0x33
 1056 0352 00       		.byte	0
 1057 0353 00       		.byte	0
 1058 0354 1B       		.uleb128 0x1b
 1059 0355 4F010000 		.4byte	.LASF39
 1060 0359 01       		.byte	0x1
ARM GAS  C:\Users\lenovo\AppData\Local\Temp\cc6ILcy0.s 			page 28


 1061 035a 5301     		.2byte	0x153
 1062 035c 00000000 		.4byte	.LFB7
 1063 0360 1C000000 		.4byte	.LFE7-.LFB7
 1064 0364 01       		.uleb128 0x1
 1065 0365 9C       		.byte	0x9c
 1066 0366 87030000 		.4byte	0x387
 1067 036a 1C       		.uleb128 0x1c
 1068 036b CB020000 		.4byte	.LASF37
 1069 036f 01       		.byte	0x1
 1070 0370 5301     		.2byte	0x153
 1071 0372 8D000000 		.4byte	0x8d
 1072 0376 01       		.uleb128 0x1
 1073 0377 50       		.byte	0x50
 1074 0378 1D       		.uleb128 0x1d
 1075 0379 0B030000 		.4byte	.LASF38
 1076 037d 01       		.byte	0x1
 1077 037e 5501     		.2byte	0x155
 1078 0380 8D000000 		.4byte	0x8d
 1079 0384 01       		.uleb128 0x1
 1080 0385 53       		.byte	0x53
 1081 0386 00       		.byte	0
 1082 0387 1B       		.uleb128 0x1b
 1083 0388 93010000 		.4byte	.LASF40
 1084 038c 01       		.byte	0x1
 1085 038d 7501     		.2byte	0x175
 1086 038f 00000000 		.4byte	.LFB8
 1087 0393 BC000000 		.4byte	.LFE8-.LFB8
 1088 0397 01       		.uleb128 0x1
 1089 0398 9C       		.byte	0x9c
 1090 0399 F2040000 		.4byte	0x4f2
 1091 039d 1E       		.uleb128 0x1e
 1092 039e 0E000000 		.4byte	.LBB3
 1093 03a2 40000000 		.4byte	.LBE3-.LBB3
 1094 03a6 74040000 		.4byte	0x474
 1095 03aa 1F       		.uleb128 0x1f
 1096 03ab 06       		.byte	0x6
 1097 03ac 01       		.byte	0x1
 1098 03ad 8101     		.2byte	0x181
 1099 03af CE030000 		.4byte	0x3ce
 1100 03b3 20       		.uleb128 0x20
 1101 03b4 DB010000 		.4byte	.LASF41
 1102 03b8 01       		.byte	0x1
 1103 03b9 8201     		.2byte	0x182
 1104 03bb 84000000 		.4byte	0x84
 1105 03bf 00       		.byte	0
 1106 03c0 20       		.uleb128 0x20
 1107 03c1 9A000000 		.4byte	.LASF42
 1108 03c5 01       		.byte	0x1
 1109 03c6 8301     		.2byte	0x183
 1110 03c8 99000000 		.4byte	0x99
 1111 03cc 04       		.byte	0x4
 1112 03cd 00       		.byte	0
 1113 03ce 06       		.uleb128 0x6
 1114 03cf 43020000 		.4byte	.LASF43
 1115 03d3 01       		.byte	0x1
 1116 03d4 8401     		.2byte	0x184
 1117 03d6 AA030000 		.4byte	0x3aa
ARM GAS  C:\Users\lenovo\AppData\Local\Temp\cc6ILcy0.s 			page 29


 1118 03da 21       		.uleb128 0x21
 1119 03db EA030000 		.4byte	0x3ea
 1120 03df EA030000 		.4byte	0x3ea
 1121 03e3 22       		.uleb128 0x22
 1122 03e4 7D000000 		.4byte	0x7d
 1123 03e8 07       		.byte	0x7
 1124 03e9 00       		.byte	0
 1125 03ea 11       		.uleb128 0x11
 1126 03eb CE030000 		.4byte	0x3ce
 1127 03ef 1D       		.uleb128 0x1d
 1128 03f0 8A000000 		.4byte	.LASF44
 1129 03f4 01       		.byte	0x1
 1130 03f5 8601     		.2byte	0x186
 1131 03f7 01040000 		.4byte	0x401
 1132 03fb 05       		.uleb128 0x5
 1133 03fc 03       		.byte	0x3
 1134 03fd 00000000 		.4byte	cfg_memset_list.5018
 1135 0401 11       		.uleb128 0x11
 1136 0402 DA030000 		.4byte	0x3da
 1137 0406 17       		.uleb128 0x17
 1138 0407 6900     		.ascii	"i\000"
 1139 0409 01       		.byte	0x1
 1140 040a 9201     		.2byte	0x192
 1141 040c 8D000000 		.4byte	0x8d
 1142 0410 BA010000 		.4byte	.LLST14
 1143 0414 1E       		.uleb128 0x1e
 1144 0415 12000000 		.4byte	.LBB4
 1145 0419 16000000 		.4byte	.LBE4-.LBB4
 1146 041d 59040000 		.4byte	0x459
 1147 0421 17       		.uleb128 0x17
 1148 0422 6D7300   		.ascii	"ms\000"
 1149 0425 01       		.byte	0x1
 1150 0426 9701     		.2byte	0x197
 1151 0428 30040000 		.4byte	0x430
 1152 042c E4010000 		.4byte	.LLST15
 1153 0430 10       		.uleb128 0x10
 1154 0431 04       		.byte	0x4
 1155 0432 EA030000 		.4byte	0x3ea
 1156 0436 13       		.uleb128 0x13
 1157 0437 28000000 		.4byte	.LVL42
 1158 043b B8010000 		.4byte	0x1b8
 1159 043f 14       		.uleb128 0x14
 1160 0440 01       		.uleb128 0x1
 1161 0441 51       		.byte	0x51
 1162 0442 14       		.uleb128 0x14
 1163 0443 74       		.byte	0x74
 1164 0444 00       		.sleb128 0
 1165 0445 31       		.byte	0x31
 1166 0446 24       		.byte	0x24
 1167 0447 74       		.byte	0x74
 1168 0448 00       		.sleb128 0
 1169 0449 22       		.byte	0x22
 1170 044a 31       		.byte	0x31
 1171 044b 24       		.byte	0x24
 1172 044c 75       		.byte	0x75
 1173 044d 00       		.sleb128 0
 1174 044e 22       		.byte	0x22
ARM GAS  C:\Users\lenovo\AppData\Local\Temp\cc6ILcy0.s 			page 30


 1175 044f 23       		.byte	0x23
 1176 0450 04       		.uleb128 0x4
 1177 0451 94       		.byte	0x94
 1178 0452 02       		.byte	0x2
 1179 0453 0A       		.byte	0xa
 1180 0454 FFFF     		.2byte	0xffff
 1181 0456 1A       		.byte	0x1a
 1182 0457 00       		.byte	0
 1183 0458 00       		.byte	0
 1184 0459 13       		.uleb128 0x13
 1185 045a 3A000000 		.4byte	.LVL45
 1186 045e 30010000 		.4byte	0x130
 1187 0462 14       		.uleb128 0x14
 1188 0463 01       		.uleb128 0x1
 1189 0464 50       		.byte	0x50
 1190 0465 03       		.uleb128 0x3
 1191 0466 42       		.byte	0x42
 1192 0467 4A       		.byte	0x4a
 1193 0468 24       		.byte	0x24
 1194 0469 14       		.uleb128 0x14
 1195 046a 01       		.uleb128 0x1
 1196 046b 51       		.byte	0x51
 1197 046c 05       		.uleb128 0x5
 1198 046d 0C       		.byte	0xc
 1199 046e 5C000048 		.4byte	0x4800005c
 1200 0472 00       		.byte	0
 1201 0473 00       		.byte	0
 1202 0474 1A       		.uleb128 0x1a
 1203 0475 58000000 		.4byte	.LVL46
 1204 0479 5B020000 		.4byte	0x25b
 1205 047d 99040000 		.4byte	0x499
 1206 0481 14       		.uleb128 0x14
 1207 0482 01       		.uleb128 0x1
 1208 0483 50       		.byte	0x50
 1209 0484 05       		.uleb128 0x5
 1210 0485 0C       		.byte	0xc
 1211 0486 F0510040 		.4byte	0x400051f0
 1212 048a 14       		.uleb128 0x14
 1213 048b 01       		.uleb128 0x1
 1214 048c 51       		.byte	0x51
 1215 048d 05       		.uleb128 0x5
 1216 048e 0C       		.byte	0xc
 1217 048f BC000048 		.4byte	0x480000bc
 1218 0493 14       		.uleb128 0x14
 1219 0494 01       		.uleb128 0x1
 1220 0495 52       		.byte	0x52
 1221 0496 01       		.uleb128 0x1
 1222 0497 3A       		.byte	0x3a
 1223 0498 00       		.byte	0
 1224 0499 1A       		.uleb128 0x1a
 1225 049a 62000000 		.4byte	.LVL47
 1226 049e 5B020000 		.4byte	0x25b
 1227 04a2 BE040000 		.4byte	0x4be
 1228 04a6 14       		.uleb128 0x14
 1229 04a7 01       		.uleb128 0x1
 1230 04a8 50       		.byte	0x50
 1231 04a9 05       		.uleb128 0x5
ARM GAS  C:\Users\lenovo\AppData\Local\Temp\cc6ILcy0.s 			page 31


 1232 04aa 0C       		.byte	0xc
 1233 04ab 12510040 		.4byte	0x40005112
 1234 04af 14       		.uleb128 0x14
 1235 04b0 01       		.uleb128 0x1
 1236 04b1 51       		.byte	0x51
 1237 04b2 05       		.uleb128 0x5
 1238 04b3 0C       		.byte	0xc
 1239 04b4 C8000048 		.4byte	0x480000c8
 1240 04b8 14       		.uleb128 0x14
 1241 04b9 01       		.uleb128 0x1
 1242 04ba 52       		.byte	0x52
 1243 04bb 01       		.uleb128 0x1
 1244 04bc 38       		.byte	0x38
 1245 04bd 00       		.byte	0
 1246 04be 23       		.uleb128 0x23
 1247 04bf 76000000 		.4byte	.LVL49
 1248 04c3 C2020000 		.4byte	0x2c2
 1249 04c7 23       		.uleb128 0x23
 1250 04c8 7E000000 		.4byte	.LVL50
 1251 04cc 05020000 		.4byte	0x205
 1252 04d0 13       		.uleb128 0x13
 1253 04d1 88000000 		.4byte	.LVL51
 1254 04d5 5B020000 		.4byte	0x25b
 1255 04d9 14       		.uleb128 0x14
 1256 04da 01       		.uleb128 0x1
 1257 04db 50       		.byte	0x50
 1258 04dc 05       		.uleb128 0x5
 1259 04dd 0C       		.byte	0xc
 1260 04de B0430040 		.4byte	0x400043b0
 1261 04e2 14       		.uleb128 0x14
 1262 04e3 01       		.uleb128 0x1
 1263 04e4 51       		.byte	0x51
 1264 04e5 05       		.uleb128 0x5
 1265 04e6 0C       		.byte	0xc
 1266 04e7 A0430040 		.4byte	0x400043a0
 1267 04eb 14       		.uleb128 0x14
 1268 04ec 01       		.uleb128 0x1
 1269 04ed 52       		.byte	0x52
 1270 04ee 01       		.uleb128 0x1
 1271 04ef 3E       		.byte	0x3e
 1272 04f0 00       		.byte	0
 1273 04f1 00       		.byte	0
 1274 04f2 24       		.uleb128 0x24
 1275 04f3 73010000 		.4byte	.LASF45
 1276 04f7 73010000 		.4byte	.LASF45
 1277 04fb 25       		.uleb128 0x25
 1278 04fc 96020000 		.4byte	.LASF47
 1279 0500 96020000 		.4byte	.LASF47
 1280 0504 04       		.byte	0x4
 1281 0505 77       		.byte	0x77
 1282 0506 24       		.uleb128 0x24
 1283 0507 A0020000 		.4byte	.LASF46
 1284 050b A0020000 		.4byte	.LASF46
 1285 050f 25       		.uleb128 0x25
 1286 0510 06000000 		.4byte	.LASF48
 1287 0514 06000000 		.4byte	.LASF48
 1288 0518 04       		.byte	0x4
ARM GAS  C:\Users\lenovo\AppData\Local\Temp\cc6ILcy0.s 			page 32


 1289 0519 79       		.byte	0x79
 1290 051a 00       		.byte	0
 1291              		.section	.debug_abbrev,"",%progbits
 1292              	.Ldebug_abbrev0:
 1293 0000 01       		.uleb128 0x1
 1294 0001 11       		.uleb128 0x11
 1295 0002 01       		.byte	0x1
 1296 0003 25       		.uleb128 0x25
 1297 0004 0E       		.uleb128 0xe
 1298 0005 13       		.uleb128 0x13
 1299 0006 0B       		.uleb128 0xb
 1300 0007 03       		.uleb128 0x3
 1301 0008 0E       		.uleb128 0xe
 1302 0009 1B       		.uleb128 0x1b
 1303 000a 0E       		.uleb128 0xe
 1304 000b 55       		.uleb128 0x55
 1305 000c 17       		.uleb128 0x17
 1306 000d 11       		.uleb128 0x11
 1307 000e 01       		.uleb128 0x1
 1308 000f 10       		.uleb128 0x10
 1309 0010 17       		.uleb128 0x17
 1310 0011 00       		.byte	0
 1311 0012 00       		.byte	0
 1312 0013 02       		.uleb128 0x2
 1313 0014 24       		.uleb128 0x24
 1314 0015 00       		.byte	0
 1315 0016 0B       		.uleb128 0xb
 1316 0017 0B       		.uleb128 0xb
 1317 0018 3E       		.uleb128 0x3e
 1318 0019 0B       		.uleb128 0xb
 1319 001a 03       		.uleb128 0x3
 1320 001b 08       		.uleb128 0x8
 1321 001c 00       		.byte	0
 1322 001d 00       		.byte	0
 1323 001e 03       		.uleb128 0x3
 1324 001f 16       		.uleb128 0x16
 1325 0020 00       		.byte	0
 1326 0021 03       		.uleb128 0x3
 1327 0022 0E       		.uleb128 0xe
 1328 0023 3A       		.uleb128 0x3a
 1329 0024 0B       		.uleb128 0xb
 1330 0025 3B       		.uleb128 0x3b
 1331 0026 0B       		.uleb128 0xb
 1332 0027 49       		.uleb128 0x49
 1333 0028 13       		.uleb128 0x13
 1334 0029 00       		.byte	0
 1335 002a 00       		.byte	0
 1336 002b 04       		.uleb128 0x4
 1337 002c 24       		.uleb128 0x24
 1338 002d 00       		.byte	0
 1339 002e 0B       		.uleb128 0xb
 1340 002f 0B       		.uleb128 0xb
 1341 0030 3E       		.uleb128 0x3e
 1342 0031 0B       		.uleb128 0xb
 1343 0032 03       		.uleb128 0x3
 1344 0033 0E       		.uleb128 0xe
 1345 0034 00       		.byte	0
ARM GAS  C:\Users\lenovo\AppData\Local\Temp\cc6ILcy0.s 			page 33


 1346 0035 00       		.byte	0
 1347 0036 05       		.uleb128 0x5
 1348 0037 0F       		.uleb128 0xf
 1349 0038 00       		.byte	0
 1350 0039 0B       		.uleb128 0xb
 1351 003a 0B       		.uleb128 0xb
 1352 003b 00       		.byte	0
 1353 003c 00       		.byte	0
 1354 003d 06       		.uleb128 0x6
 1355 003e 16       		.uleb128 0x16
 1356 003f 00       		.byte	0
 1357 0040 03       		.uleb128 0x3
 1358 0041 0E       		.uleb128 0xe
 1359 0042 3A       		.uleb128 0x3a
 1360 0043 0B       		.uleb128 0xb
 1361 0044 3B       		.uleb128 0x3b
 1362 0045 05       		.uleb128 0x5
 1363 0046 49       		.uleb128 0x49
 1364 0047 13       		.uleb128 0x13
 1365 0048 00       		.byte	0
 1366 0049 00       		.byte	0
 1367 004a 07       		.uleb128 0x7
 1368 004b 35       		.uleb128 0x35
 1369 004c 00       		.byte	0
 1370 004d 49       		.uleb128 0x49
 1371 004e 13       		.uleb128 0x13
 1372 004f 00       		.byte	0
 1373 0050 00       		.byte	0
 1374 0051 08       		.uleb128 0x8
 1375 0052 13       		.uleb128 0x13
 1376 0053 01       		.byte	0x1
 1377 0054 0B       		.uleb128 0xb
 1378 0055 0B       		.uleb128 0xb
 1379 0056 3A       		.uleb128 0x3a
 1380 0057 0B       		.uleb128 0xb
 1381 0058 3B       		.uleb128 0x3b
 1382 0059 0B       		.uleb128 0xb
 1383 005a 01       		.uleb128 0x1
 1384 005b 13       		.uleb128 0x13
 1385 005c 00       		.byte	0
 1386 005d 00       		.byte	0
 1387 005e 09       		.uleb128 0x9
 1388 005f 0D       		.uleb128 0xd
 1389 0060 00       		.byte	0
 1390 0061 03       		.uleb128 0x3
 1391 0062 0E       		.uleb128 0xe
 1392 0063 3A       		.uleb128 0x3a
 1393 0064 0B       		.uleb128 0xb
 1394 0065 3B       		.uleb128 0x3b
 1395 0066 0B       		.uleb128 0xb
 1396 0067 49       		.uleb128 0x49
 1397 0068 13       		.uleb128 0x13
 1398 0069 38       		.uleb128 0x38
 1399 006a 0B       		.uleb128 0xb
 1400 006b 00       		.byte	0
 1401 006c 00       		.byte	0
 1402 006d 0A       		.uleb128 0xa
ARM GAS  C:\Users\lenovo\AppData\Local\Temp\cc6ILcy0.s 			page 34


 1403 006e 2E       		.uleb128 0x2e
 1404 006f 01       		.byte	0x1
 1405 0070 03       		.uleb128 0x3
 1406 0071 0E       		.uleb128 0xe
 1407 0072 3A       		.uleb128 0x3a
 1408 0073 0B       		.uleb128 0xb
 1409 0074 3B       		.uleb128 0x3b
 1410 0075 0B       		.uleb128 0xb
 1411 0076 27       		.uleb128 0x27
 1412 0077 19       		.uleb128 0x19
 1413 0078 8701     		.uleb128 0x87
 1414 007a 19       		.uleb128 0x19
 1415 007b 11       		.uleb128 0x11
 1416 007c 01       		.uleb128 0x1
 1417 007d 12       		.uleb128 0x12
 1418 007e 06       		.uleb128 0x6
 1419 007f 40       		.uleb128 0x40
 1420 0080 18       		.uleb128 0x18
 1421 0081 9742     		.uleb128 0x2117
 1422 0083 19       		.uleb128 0x19
 1423 0084 01       		.uleb128 0x1
 1424 0085 13       		.uleb128 0x13
 1425 0086 00       		.byte	0
 1426 0087 00       		.byte	0
 1427 0088 0B       		.uleb128 0xb
 1428 0089 05       		.uleb128 0x5
 1429 008a 00       		.byte	0
 1430 008b 03       		.uleb128 0x3
 1431 008c 0E       		.uleb128 0xe
 1432 008d 3A       		.uleb128 0x3a
 1433 008e 0B       		.uleb128 0xb
 1434 008f 3B       		.uleb128 0x3b
 1435 0090 0B       		.uleb128 0xb
 1436 0091 49       		.uleb128 0x49
 1437 0092 13       		.uleb128 0x13
 1438 0093 02       		.uleb128 0x2
 1439 0094 18       		.uleb128 0x18
 1440 0095 00       		.byte	0
 1441 0096 00       		.byte	0
 1442 0097 0C       		.uleb128 0xc
 1443 0098 2E       		.uleb128 0x2e
 1444 0099 01       		.byte	0x1
 1445 009a 03       		.uleb128 0x3
 1446 009b 0E       		.uleb128 0xe
 1447 009c 3A       		.uleb128 0x3a
 1448 009d 0B       		.uleb128 0xb
 1449 009e 3B       		.uleb128 0x3b
 1450 009f 0B       		.uleb128 0xb
 1451 00a0 27       		.uleb128 0x27
 1452 00a1 19       		.uleb128 0x19
 1453 00a2 11       		.uleb128 0x11
 1454 00a3 01       		.uleb128 0x1
 1455 00a4 12       		.uleb128 0x12
 1456 00a5 06       		.uleb128 0x6
 1457 00a6 40       		.uleb128 0x40
 1458 00a7 18       		.uleb128 0x18
 1459 00a8 9742     		.uleb128 0x2117
ARM GAS  C:\Users\lenovo\AppData\Local\Temp\cc6ILcy0.s 			page 35


 1460 00aa 19       		.uleb128 0x19
 1461 00ab 01       		.uleb128 0x1
 1462 00ac 13       		.uleb128 0x13
 1463 00ad 00       		.byte	0
 1464 00ae 00       		.byte	0
 1465 00af 0D       		.uleb128 0xd
 1466 00b0 34       		.uleb128 0x34
 1467 00b1 00       		.byte	0
 1468 00b2 03       		.uleb128 0x3
 1469 00b3 08       		.uleb128 0x8
 1470 00b4 3A       		.uleb128 0x3a
 1471 00b5 0B       		.uleb128 0xb
 1472 00b6 3B       		.uleb128 0x3b
 1473 00b7 0B       		.uleb128 0xb
 1474 00b8 49       		.uleb128 0x49
 1475 00b9 13       		.uleb128 0x13
 1476 00ba 02       		.uleb128 0x2
 1477 00bb 17       		.uleb128 0x17
 1478 00bc 00       		.byte	0
 1479 00bd 00       		.byte	0
 1480 00be 0E       		.uleb128 0xe
 1481 00bf 0B       		.uleb128 0xb
 1482 00c0 01       		.byte	0x1
 1483 00c1 11       		.uleb128 0x11
 1484 00c2 01       		.uleb128 0x1
 1485 00c3 12       		.uleb128 0x12
 1486 00c4 06       		.uleb128 0x6
 1487 00c5 00       		.byte	0
 1488 00c6 00       		.byte	0
 1489 00c7 0F       		.uleb128 0xf
 1490 00c8 34       		.uleb128 0x34
 1491 00c9 00       		.byte	0
 1492 00ca 03       		.uleb128 0x3
 1493 00cb 0E       		.uleb128 0xe
 1494 00cc 3A       		.uleb128 0x3a
 1495 00cd 0B       		.uleb128 0xb
 1496 00ce 3B       		.uleb128 0x3b
 1497 00cf 0B       		.uleb128 0xb
 1498 00d0 49       		.uleb128 0x49
 1499 00d1 13       		.uleb128 0x13
 1500 00d2 02       		.uleb128 0x2
 1501 00d3 17       		.uleb128 0x17
 1502 00d4 00       		.byte	0
 1503 00d5 00       		.byte	0
 1504 00d6 10       		.uleb128 0x10
 1505 00d7 0F       		.uleb128 0xf
 1506 00d8 00       		.byte	0
 1507 00d9 0B       		.uleb128 0xb
 1508 00da 0B       		.uleb128 0xb
 1509 00db 49       		.uleb128 0x49
 1510 00dc 13       		.uleb128 0x13
 1511 00dd 00       		.byte	0
 1512 00de 00       		.byte	0
 1513 00df 11       		.uleb128 0x11
 1514 00e0 26       		.uleb128 0x26
 1515 00e1 00       		.byte	0
 1516 00e2 49       		.uleb128 0x49
ARM GAS  C:\Users\lenovo\AppData\Local\Temp\cc6ILcy0.s 			page 36


 1517 00e3 13       		.uleb128 0x13
 1518 00e4 00       		.byte	0
 1519 00e5 00       		.byte	0
 1520 00e6 12       		.uleb128 0x12
 1521 00e7 05       		.uleb128 0x5
 1522 00e8 00       		.byte	0
 1523 00e9 03       		.uleb128 0x3
 1524 00ea 08       		.uleb128 0x8
 1525 00eb 3A       		.uleb128 0x3a
 1526 00ec 0B       		.uleb128 0xb
 1527 00ed 3B       		.uleb128 0x3b
 1528 00ee 0B       		.uleb128 0xb
 1529 00ef 49       		.uleb128 0x49
 1530 00f0 13       		.uleb128 0x13
 1531 00f1 02       		.uleb128 0x2
 1532 00f2 17       		.uleb128 0x17
 1533 00f3 00       		.byte	0
 1534 00f4 00       		.byte	0
 1535 00f5 13       		.uleb128 0x13
 1536 00f6 898201   		.uleb128 0x4109
 1537 00f9 01       		.byte	0x1
 1538 00fa 11       		.uleb128 0x11
 1539 00fb 01       		.uleb128 0x1
 1540 00fc 31       		.uleb128 0x31
 1541 00fd 13       		.uleb128 0x13
 1542 00fe 00       		.byte	0
 1543 00ff 00       		.byte	0
 1544 0100 14       		.uleb128 0x14
 1545 0101 8A8201   		.uleb128 0x410a
 1546 0104 00       		.byte	0
 1547 0105 02       		.uleb128 0x2
 1548 0106 18       		.uleb128 0x18
 1549 0107 9142     		.uleb128 0x2111
 1550 0109 18       		.uleb128 0x18
 1551 010a 00       		.byte	0
 1552 010b 00       		.byte	0
 1553 010c 15       		.uleb128 0x15
 1554 010d 2E       		.uleb128 0x2e
 1555 010e 01       		.byte	0x1
 1556 010f 03       		.uleb128 0x3
 1557 0110 0E       		.uleb128 0xe
 1558 0111 3A       		.uleb128 0x3a
 1559 0112 0B       		.uleb128 0xb
 1560 0113 3B       		.uleb128 0x3b
 1561 0114 05       		.uleb128 0x5
 1562 0115 27       		.uleb128 0x27
 1563 0116 19       		.uleb128 0x19
 1564 0117 11       		.uleb128 0x11
 1565 0118 01       		.uleb128 0x1
 1566 0119 12       		.uleb128 0x12
 1567 011a 06       		.uleb128 0x6
 1568 011b 40       		.uleb128 0x40
 1569 011c 18       		.uleb128 0x18
 1570 011d 9742     		.uleb128 0x2117
 1571 011f 19       		.uleb128 0x19
 1572 0120 01       		.uleb128 0x1
 1573 0121 13       		.uleb128 0x13
ARM GAS  C:\Users\lenovo\AppData\Local\Temp\cc6ILcy0.s 			page 37


 1574 0122 00       		.byte	0
 1575 0123 00       		.byte	0
 1576 0124 16       		.uleb128 0x16
 1577 0125 34       		.uleb128 0x34
 1578 0126 00       		.byte	0
 1579 0127 03       		.uleb128 0x3
 1580 0128 0E       		.uleb128 0xe
 1581 0129 3A       		.uleb128 0x3a
 1582 012a 0B       		.uleb128 0xb
 1583 012b 3B       		.uleb128 0x3b
 1584 012c 05       		.uleb128 0x5
 1585 012d 49       		.uleb128 0x49
 1586 012e 13       		.uleb128 0x13
 1587 012f 02       		.uleb128 0x2
 1588 0130 17       		.uleb128 0x17
 1589 0131 00       		.byte	0
 1590 0132 00       		.byte	0
 1591 0133 17       		.uleb128 0x17
 1592 0134 34       		.uleb128 0x34
 1593 0135 00       		.byte	0
 1594 0136 03       		.uleb128 0x3
 1595 0137 08       		.uleb128 0x8
 1596 0138 3A       		.uleb128 0x3a
 1597 0139 0B       		.uleb128 0xb
 1598 013a 3B       		.uleb128 0x3b
 1599 013b 05       		.uleb128 0x5
 1600 013c 49       		.uleb128 0x49
 1601 013d 13       		.uleb128 0x13
 1602 013e 02       		.uleb128 0x2
 1603 013f 17       		.uleb128 0x17
 1604 0140 00       		.byte	0
 1605 0141 00       		.byte	0
 1606 0142 18       		.uleb128 0x18
 1607 0143 05       		.uleb128 0x5
 1608 0144 00       		.byte	0
 1609 0145 03       		.uleb128 0x3
 1610 0146 0E       		.uleb128 0xe
 1611 0147 3A       		.uleb128 0x3a
 1612 0148 0B       		.uleb128 0xb
 1613 0149 3B       		.uleb128 0x3b
 1614 014a 0B       		.uleb128 0xb
 1615 014b 49       		.uleb128 0x49
 1616 014c 13       		.uleb128 0x13
 1617 014d 02       		.uleb128 0x2
 1618 014e 17       		.uleb128 0x17
 1619 014f 00       		.byte	0
 1620 0150 00       		.byte	0
 1621 0151 19       		.uleb128 0x19
 1622 0152 26       		.uleb128 0x26
 1623 0153 00       		.byte	0
 1624 0154 00       		.byte	0
 1625 0155 00       		.byte	0
 1626 0156 1A       		.uleb128 0x1a
 1627 0157 898201   		.uleb128 0x4109
 1628 015a 01       		.byte	0x1
 1629 015b 11       		.uleb128 0x11
 1630 015c 01       		.uleb128 0x1
ARM GAS  C:\Users\lenovo\AppData\Local\Temp\cc6ILcy0.s 			page 38


 1631 015d 31       		.uleb128 0x31
 1632 015e 13       		.uleb128 0x13
 1633 015f 01       		.uleb128 0x1
 1634 0160 13       		.uleb128 0x13
 1635 0161 00       		.byte	0
 1636 0162 00       		.byte	0
 1637 0163 1B       		.uleb128 0x1b
 1638 0164 2E       		.uleb128 0x2e
 1639 0165 01       		.byte	0x1
 1640 0166 3F       		.uleb128 0x3f
 1641 0167 19       		.uleb128 0x19
 1642 0168 03       		.uleb128 0x3
 1643 0169 0E       		.uleb128 0xe
 1644 016a 3A       		.uleb128 0x3a
 1645 016b 0B       		.uleb128 0xb
 1646 016c 3B       		.uleb128 0x3b
 1647 016d 05       		.uleb128 0x5
 1648 016e 27       		.uleb128 0x27
 1649 016f 19       		.uleb128 0x19
 1650 0170 11       		.uleb128 0x11
 1651 0171 01       		.uleb128 0x1
 1652 0172 12       		.uleb128 0x12
 1653 0173 06       		.uleb128 0x6
 1654 0174 40       		.uleb128 0x40
 1655 0175 18       		.uleb128 0x18
 1656 0176 9742     		.uleb128 0x2117
 1657 0178 19       		.uleb128 0x19
 1658 0179 01       		.uleb128 0x1
 1659 017a 13       		.uleb128 0x13
 1660 017b 00       		.byte	0
 1661 017c 00       		.byte	0
 1662 017d 1C       		.uleb128 0x1c
 1663 017e 05       		.uleb128 0x5
 1664 017f 00       		.byte	0
 1665 0180 03       		.uleb128 0x3
 1666 0181 0E       		.uleb128 0xe
 1667 0182 3A       		.uleb128 0x3a
 1668 0183 0B       		.uleb128 0xb
 1669 0184 3B       		.uleb128 0x3b
 1670 0185 05       		.uleb128 0x5
 1671 0186 49       		.uleb128 0x49
 1672 0187 13       		.uleb128 0x13
 1673 0188 02       		.uleb128 0x2
 1674 0189 18       		.uleb128 0x18
 1675 018a 00       		.byte	0
 1676 018b 00       		.byte	0
 1677 018c 1D       		.uleb128 0x1d
 1678 018d 34       		.uleb128 0x34
 1679 018e 00       		.byte	0
 1680 018f 03       		.uleb128 0x3
 1681 0190 0E       		.uleb128 0xe
 1682 0191 3A       		.uleb128 0x3a
 1683 0192 0B       		.uleb128 0xb
 1684 0193 3B       		.uleb128 0x3b
 1685 0194 05       		.uleb128 0x5
 1686 0195 49       		.uleb128 0x49
 1687 0196 13       		.uleb128 0x13
ARM GAS  C:\Users\lenovo\AppData\Local\Temp\cc6ILcy0.s 			page 39


 1688 0197 02       		.uleb128 0x2
 1689 0198 18       		.uleb128 0x18
 1690 0199 00       		.byte	0
 1691 019a 00       		.byte	0
 1692 019b 1E       		.uleb128 0x1e
 1693 019c 0B       		.uleb128 0xb
 1694 019d 01       		.byte	0x1
 1695 019e 11       		.uleb128 0x11
 1696 019f 01       		.uleb128 0x1
 1697 01a0 12       		.uleb128 0x12
 1698 01a1 06       		.uleb128 0x6
 1699 01a2 01       		.uleb128 0x1
 1700 01a3 13       		.uleb128 0x13
 1701 01a4 00       		.byte	0
 1702 01a5 00       		.byte	0
 1703 01a6 1F       		.uleb128 0x1f
 1704 01a7 13       		.uleb128 0x13
 1705 01a8 01       		.byte	0x1
 1706 01a9 0B       		.uleb128 0xb
 1707 01aa 0B       		.uleb128 0xb
 1708 01ab 3A       		.uleb128 0x3a
 1709 01ac 0B       		.uleb128 0xb
 1710 01ad 3B       		.uleb128 0x3b
 1711 01ae 05       		.uleb128 0x5
 1712 01af 01       		.uleb128 0x1
 1713 01b0 13       		.uleb128 0x13
 1714 01b1 00       		.byte	0
 1715 01b2 00       		.byte	0
 1716 01b3 20       		.uleb128 0x20
 1717 01b4 0D       		.uleb128 0xd
 1718 01b5 00       		.byte	0
 1719 01b6 03       		.uleb128 0x3
 1720 01b7 0E       		.uleb128 0xe
 1721 01b8 3A       		.uleb128 0x3a
 1722 01b9 0B       		.uleb128 0xb
 1723 01ba 3B       		.uleb128 0x3b
 1724 01bb 05       		.uleb128 0x5
 1725 01bc 49       		.uleb128 0x49
 1726 01bd 13       		.uleb128 0x13
 1727 01be 38       		.uleb128 0x38
 1728 01bf 0B       		.uleb128 0xb
 1729 01c0 00       		.byte	0
 1730 01c1 00       		.byte	0
 1731 01c2 21       		.uleb128 0x21
 1732 01c3 01       		.uleb128 0x1
 1733 01c4 01       		.byte	0x1
 1734 01c5 49       		.uleb128 0x49
 1735 01c6 13       		.uleb128 0x13
 1736 01c7 01       		.uleb128 0x1
 1737 01c8 13       		.uleb128 0x13
 1738 01c9 00       		.byte	0
 1739 01ca 00       		.byte	0
 1740 01cb 22       		.uleb128 0x22
 1741 01cc 21       		.uleb128 0x21
 1742 01cd 00       		.byte	0
 1743 01ce 49       		.uleb128 0x49
 1744 01cf 13       		.uleb128 0x13
ARM GAS  C:\Users\lenovo\AppData\Local\Temp\cc6ILcy0.s 			page 40


 1745 01d0 2F       		.uleb128 0x2f
 1746 01d1 0B       		.uleb128 0xb
 1747 01d2 00       		.byte	0
 1748 01d3 00       		.byte	0
 1749 01d4 23       		.uleb128 0x23
 1750 01d5 898201   		.uleb128 0x4109
 1751 01d8 00       		.byte	0
 1752 01d9 11       		.uleb128 0x11
 1753 01da 01       		.uleb128 0x1
 1754 01db 31       		.uleb128 0x31
 1755 01dc 13       		.uleb128 0x13
 1756 01dd 00       		.byte	0
 1757 01de 00       		.byte	0
 1758 01df 24       		.uleb128 0x24
 1759 01e0 2E       		.uleb128 0x2e
 1760 01e1 00       		.byte	0
 1761 01e2 3F       		.uleb128 0x3f
 1762 01e3 19       		.uleb128 0x19
 1763 01e4 3C       		.uleb128 0x3c
 1764 01e5 19       		.uleb128 0x19
 1765 01e6 6E       		.uleb128 0x6e
 1766 01e7 0E       		.uleb128 0xe
 1767 01e8 03       		.uleb128 0x3
 1768 01e9 0E       		.uleb128 0xe
 1769 01ea 00       		.byte	0
 1770 01eb 00       		.byte	0
 1771 01ec 25       		.uleb128 0x25
 1772 01ed 2E       		.uleb128 0x2e
 1773 01ee 00       		.byte	0
 1774 01ef 3F       		.uleb128 0x3f
 1775 01f0 19       		.uleb128 0x19
 1776 01f1 3C       		.uleb128 0x3c
 1777 01f2 19       		.uleb128 0x19
 1778 01f3 6E       		.uleb128 0x6e
 1779 01f4 0E       		.uleb128 0xe
 1780 01f5 03       		.uleb128 0x3
 1781 01f6 0E       		.uleb128 0xe
 1782 01f7 3A       		.uleb128 0x3a
 1783 01f8 0B       		.uleb128 0xb
 1784 01f9 3B       		.uleb128 0x3b
 1785 01fa 0B       		.uleb128 0xb
 1786 01fb 00       		.byte	0
 1787 01fc 00       		.byte	0
 1788 01fd 00       		.byte	0
 1789              		.section	.debug_loc,"",%progbits
 1790              	.Ldebug_loc0:
 1791              	.LLST0:
 1792 0000 02000000 		.4byte	.LVL2
 1793 0004 08000000 		.4byte	.LVL3
 1794 0008 0200     		.2byte	0x2
 1795 000a 30       		.byte	0x30
 1796 000b 9F       		.byte	0x9f
 1797 000c 08000000 		.4byte	.LVL3
 1798 0010 32000000 		.4byte	.LVL11
 1799 0014 0100     		.2byte	0x1
 1800 0016 57       		.byte	0x57
 1801 0017 00000000 		.4byte	0
ARM GAS  C:\Users\lenovo\AppData\Local\Temp\cc6ILcy0.s 			page 41


 1802 001b 00000000 		.4byte	0
 1803              	.LLST1:
 1804 001f 02000000 		.4byte	.LVL2
 1805 0023 08000000 		.4byte	.LVL3
 1806 0027 0200     		.2byte	0x2
 1807 0029 30       		.byte	0x30
 1808 002a 9F       		.byte	0x9f
 1809 002b 08000000 		.4byte	.LVL3
 1810 002f 34000000 		.4byte	.LFE4
 1811 0033 0100     		.2byte	0x1
 1812 0035 52       		.byte	0x52
 1813 0036 00000000 		.4byte	0
 1814 003a 00000000 		.4byte	0
 1815              	.LLST2:
 1816 003e 0C000000 		.4byte	.LVL4
 1817 0042 2C000000 		.4byte	.LVL10
 1818 0046 0100     		.2byte	0x1
 1819 0048 56       		.byte	0x56
 1820 0049 00000000 		.4byte	0
 1821 004d 00000000 		.4byte	0
 1822              	.LLST3:
 1823 0051 0E000000 		.4byte	.LVL5
 1824 0055 24000000 		.4byte	.LVL8
 1825 0059 0100     		.2byte	0x1
 1826 005b 53       		.byte	0x53
 1827 005c 26000000 		.4byte	.LVL9
 1828 0060 2C000000 		.4byte	.LVL10
 1829 0064 0100     		.2byte	0x1
 1830 0066 53       		.byte	0x53
 1831 0067 00000000 		.4byte	0
 1832 006b 00000000 		.4byte	0
 1833              	.LLST4:
 1834 006f 00000000 		.4byte	.LVL12
 1835 0073 09000000 		.4byte	.LVL14-1
 1836 0077 0100     		.2byte	0x1
 1837 0079 50       		.byte	0x50
 1838 007a 09000000 		.4byte	.LVL14-1
 1839 007e 0C000000 		.4byte	.LFE0
 1840 0082 0400     		.2byte	0x4
 1841 0084 F3       		.byte	0xf3
 1842 0085 01       		.uleb128 0x1
 1843 0086 50       		.byte	0x50
 1844 0087 9F       		.byte	0x9f
 1845 0088 00000000 		.4byte	0
 1846 008c 00000000 		.4byte	0
 1847              	.LLST5:
 1848 0090 00000000 		.4byte	.LVL12
 1849 0094 06000000 		.4byte	.LVL13
 1850 0098 0100     		.2byte	0x1
 1851 009a 51       		.byte	0x51
 1852 009b 06000000 		.4byte	.LVL13
 1853 009f 09000000 		.4byte	.LVL14-1
 1854 00a3 0100     		.2byte	0x1
 1855 00a5 52       		.byte	0x52
 1856 00a6 09000000 		.4byte	.LVL14-1
 1857 00aa 0C000000 		.4byte	.LFE0
 1858 00ae 0400     		.2byte	0x4
ARM GAS  C:\Users\lenovo\AppData\Local\Temp\cc6ILcy0.s 			page 42


 1859 00b0 F3       		.byte	0xf3
 1860 00b1 01       		.uleb128 0x1
 1861 00b2 51       		.byte	0x51
 1862 00b3 9F       		.byte	0x9f
 1863 00b4 00000000 		.4byte	0
 1864 00b8 00000000 		.4byte	0
 1865              	.LLST6:
 1866 00bc 08000000 		.4byte	.LVL15
 1867 00c0 1E000000 		.4byte	.LVL18
 1868 00c4 0100     		.2byte	0x1
 1869 00c6 53       		.byte	0x53
 1870 00c7 00000000 		.4byte	0
 1871 00cb 00000000 		.4byte	0
 1872              	.LLST7:
 1873 00cf 0E000000 		.4byte	.LVL16
 1874 00d3 5E000000 		.4byte	.LVL20
 1875 00d7 0100     		.2byte	0x1
 1876 00d9 54       		.byte	0x54
 1877 00da 00000000 		.4byte	0
 1878 00de 00000000 		.4byte	0
 1879              	.LLST8:
 1880 00e2 14000000 		.4byte	.LVL17
 1881 00e6 5E000000 		.4byte	.LVL20
 1882 00ea 0100     		.2byte	0x1
 1883 00ec 55       		.byte	0x55
 1884 00ed 00000000 		.4byte	0
 1885 00f1 00000000 		.4byte	0
 1886              	.LLST9:
 1887 00f5 00000000 		.4byte	.LVL21
 1888 00f9 05000000 		.4byte	.LVL22-1
 1889 00fd 0100     		.2byte	0x1
 1890 00ff 50       		.byte	0x50
 1891 0100 05000000 		.4byte	.LVL22-1
 1892 0104 08000000 		.4byte	.LFE1
 1893 0108 0400     		.2byte	0x4
 1894 010a F3       		.byte	0xf3
 1895 010b 01       		.uleb128 0x1
 1896 010c 50       		.byte	0x50
 1897 010d 9F       		.byte	0x9f
 1898 010e 00000000 		.4byte	0
 1899 0112 00000000 		.4byte	0
 1900              	.LLST10:
 1901 0116 00000000 		.4byte	.LVL21
 1902 011a 05000000 		.4byte	.LVL22-1
 1903 011e 0100     		.2byte	0x1
 1904 0120 51       		.byte	0x51
 1905 0121 05000000 		.4byte	.LVL22-1
 1906 0125 08000000 		.4byte	.LFE1
 1907 0129 0400     		.2byte	0x4
 1908 012b F3       		.byte	0xf3
 1909 012c 01       		.uleb128 0x1
 1910 012d 51       		.byte	0x51
 1911 012e 9F       		.byte	0x9f
 1912 012f 00000000 		.4byte	0
 1913 0133 00000000 		.4byte	0
 1914              	.LLST11:
 1915 0137 00000000 		.4byte	.LVL21
ARM GAS  C:\Users\lenovo\AppData\Local\Temp\cc6ILcy0.s 			page 43


 1916 013b 05000000 		.4byte	.LVL22-1
 1917 013f 0100     		.2byte	0x1
 1918 0141 52       		.byte	0x52
 1919 0142 05000000 		.4byte	.LVL22-1
 1920 0146 08000000 		.4byte	.LFE1
 1921 014a 0400     		.2byte	0x4
 1922 014c F3       		.byte	0xf3
 1923 014d 01       		.uleb128 0x1
 1924 014e 52       		.byte	0x52
 1925 014f 9F       		.byte	0x9f
 1926 0150 00000000 		.4byte	0
 1927 0154 00000000 		.4byte	0
 1928              	.LLST12:
 1929 0158 22000000 		.4byte	.LVL24
 1930 015c 28000000 		.4byte	.LVL25
 1931 0160 0400     		.2byte	0x4
 1932 0162 0A       		.byte	0xa
 1933 0163 C832     		.2byte	0x32c8
 1934 0165 9F       		.byte	0x9f
 1935 0166 28000000 		.4byte	.LVL25
 1936 016a 5E000000 		.4byte	.LVL28
 1937 016e 0100     		.2byte	0x1
 1938 0170 54       		.byte	0x54
 1939 0171 5E000000 		.4byte	.LVL28
 1940 0175 64000000 		.4byte	.LVL29
 1941 0179 0200     		.2byte	0x2
 1942 017b 49       		.byte	0x49
 1943 017c 9F       		.byte	0x9f
 1944 017d 64000000 		.4byte	.LVL29
 1945 0181 CC000000 		.4byte	.LVL35
 1946 0185 0100     		.2byte	0x1
 1947 0187 55       		.byte	0x55
 1948 0188 00000000 		.4byte	0
 1949 018c 00000000 		.4byte	0
 1950              	.LLST13:
 1951 0190 5E000000 		.4byte	.LVL28
 1952 0194 64000000 		.4byte	.LVL29
 1953 0198 0200     		.2byte	0x2
 1954 019a 30       		.byte	0x30
 1955 019b 9F       		.byte	0x9f
 1956 019c 64000000 		.4byte	.LVL29
 1957 01a0 70000000 		.4byte	.LVL30
 1958 01a4 0100     		.2byte	0x1
 1959 01a6 54       		.byte	0x54
 1960 01a7 74000000 		.4byte	.LVL31
 1961 01ab CC000000 		.4byte	.LVL35
 1962 01af 0100     		.2byte	0x1
 1963 01b1 54       		.byte	0x54
 1964 01b2 00000000 		.4byte	0
 1965 01b6 00000000 		.4byte	0
 1966              	.LLST14:
 1967 01ba 0E000000 		.4byte	.LVL40
 1968 01be 12000000 		.4byte	.LVL41
 1969 01c2 0200     		.2byte	0x2
 1970 01c4 30       		.byte	0x30
 1971 01c5 9F       		.byte	0x9f
 1972 01c6 12000000 		.4byte	.LVL41
ARM GAS  C:\Users\lenovo\AppData\Local\Temp\cc6ILcy0.s 			page 44


 1973 01ca 2A000000 		.4byte	.LVL43
 1974 01ce 0100     		.2byte	0x1
 1975 01d0 54       		.byte	0x54
 1976 01d1 2C000000 		.4byte	.LVL44
 1977 01d5 6E000000 		.4byte	.LVL48
 1978 01d9 0100     		.2byte	0x1
 1979 01db 54       		.byte	0x54
 1980 01dc 00000000 		.4byte	0
 1981 01e0 00000000 		.4byte	0
 1982              	.LLST15:
 1983 01e4 12000000 		.4byte	.LVL41
 1984 01e8 2A000000 		.4byte	.LVL43
 1985 01ec 0B00     		.2byte	0xb
 1986 01ee 74       		.byte	0x74
 1987 01ef 00       		.sleb128 0
 1988 01f0 36       		.byte	0x36
 1989 01f1 1E       		.byte	0x1e
 1990 01f2 03       		.byte	0x3
 1991 01f3 00000000 		.4byte	cfg_memset_list.5018
 1992 01f7 22       		.byte	0x22
 1993 01f8 9F       		.byte	0x9f
 1994 01f9 2A000000 		.4byte	.LVL43
 1995 01fd 2C000000 		.4byte	.LVL44
 1996 0201 0B00     		.2byte	0xb
 1997 0203 74       		.byte	0x74
 1998 0204 7F       		.sleb128 -1
 1999 0205 36       		.byte	0x36
 2000 0206 1E       		.byte	0x1e
 2001 0207 03       		.byte	0x3
 2002 0208 00000000 		.4byte	cfg_memset_list.5018
 2003 020c 22       		.byte	0x22
 2004 020d 9F       		.byte	0x9f
 2005 020e 00000000 		.4byte	0
 2006 0212 00000000 		.4byte	0
 2007              		.section	.debug_aranges,"",%progbits
 2008 0000 54000000 		.4byte	0x54
 2009 0004 0200     		.2byte	0x2
 2010 0006 00000000 		.4byte	.Ldebug_info0
 2011 000a 04       		.byte	0x4
 2012 000b 00       		.byte	0
 2013 000c 0000     		.2byte	0
 2014 000e 0000     		.2byte	0
 2015 0010 00000000 		.4byte	.LFB3
 2016 0014 02000000 		.4byte	.LFE3-.LFB3
 2017 0018 00000000 		.4byte	.LFB4
 2018 001c 34000000 		.4byte	.LFE4-.LFB4
 2019 0020 00000000 		.4byte	.LFB0
 2020 0024 0C000000 		.4byte	.LFE0-.LFB0
 2021 0028 00000000 		.4byte	.LFB6
 2022 002c 78000000 		.4byte	.LFE6-.LFB6
 2023 0030 00000000 		.4byte	.LFB1
 2024 0034 08000000 		.4byte	.LFE1-.LFB1
 2025 0038 00000000 		.4byte	.LFB5
 2026 003c 00010000 		.4byte	.LFE5-.LFB5
 2027 0040 00000000 		.4byte	.LFB7
 2028 0044 1C000000 		.4byte	.LFE7-.LFB7
 2029 0048 00000000 		.4byte	.LFB8
ARM GAS  C:\Users\lenovo\AppData\Local\Temp\cc6ILcy0.s 			page 45


 2030 004c BC000000 		.4byte	.LFE8-.LFB8
 2031 0050 00000000 		.4byte	0
 2032 0054 00000000 		.4byte	0
 2033              		.section	.debug_ranges,"",%progbits
 2034              	.Ldebug_ranges0:
 2035 0000 00000000 		.4byte	.LFB3
 2036 0004 02000000 		.4byte	.LFE3
 2037 0008 00000000 		.4byte	.LFB4
 2038 000c 34000000 		.4byte	.LFE4
 2039 0010 00000000 		.4byte	.LFB0
 2040 0014 0C000000 		.4byte	.LFE0
 2041 0018 00000000 		.4byte	.LFB6
 2042 001c 78000000 		.4byte	.LFE6
 2043 0020 00000000 		.4byte	.LFB1
 2044 0024 08000000 		.4byte	.LFE1
 2045 0028 00000000 		.4byte	.LFB5
 2046 002c 00010000 		.4byte	.LFE5
 2047 0030 00000000 		.4byte	.LFB7
 2048 0034 1C000000 		.4byte	.LFE7
 2049 0038 00000000 		.4byte	.LFB8
 2050 003c BC000000 		.4byte	.LFE8
 2051 0040 00000000 		.4byte	0
 2052 0044 00000000 		.4byte	0
 2053              		.section	.debug_line,"",%progbits
 2054              	.Ldebug_line0:
 2055 0000 F6010000 		.section	.debug_str,"MS",%progbits,1
 2055      0200D600 
 2055      00000201 
 2055      FB0E0D00 
 2055      01010101 
 2056              	.LASF19:
 2057 0000 72656731 		.ascii	"reg16\000"
 2057      3600
 2058              	.LASF48:
 2059 0006 43794465 		.ascii	"CyDelayCycles\000"
 2059      6C617943 
 2059      79636C65 
 2059      7300
 2060              	.LASF18:
 2061 0014 72656738 		.ascii	"reg8\000"
 2061      00
 2062              	.LASF12:
 2063 0019 73697A65 		.ascii	"size_t\000"
 2063      5F7400
 2064              	.LASF30:
 2065 0020 416E616C 		.ascii	"AnalogSetDefault\000"
 2065      6F675365 
 2065      74446566 
 2065      61756C74 
 2065      00
 2066              	.LASF35:
 2067 0031 74696D65 		.ascii	"timeout\000"
 2067      6F757400 
 2068              	.LASF21:
 2069 0039 76616C75 		.ascii	"value\000"
 2069      6500
 2070              	.LASF27:
ARM GAS  C:\Users\lenovo\AppData\Local\Temp\cc6ILcy0.s 			page 46


 2071 003f 636F756E 		.ascii	"count\000"
 2071      7400
 2072              	.LASF34:
 2073 0045 436C6F63 		.ascii	"ClockSetup\000"
 2073      6B536574 
 2073      757000
 2074              	.LASF6:
 2075 0050 73686F72 		.ascii	"short unsigned int\000"
 2075      7420756E 
 2075      7369676E 
 2075      65642069 
 2075      6E7400
 2076              	.LASF36:
 2077 0063 706C6C4C 		.ascii	"pllLock\000"
 2077      6F636B00 
 2078              	.LASF16:
 2079 006b 666C6F61 		.ascii	"float\000"
 2079      7400
 2080              	.LASF52:
 2081 0071 4379436C 		.ascii	"CyClockStartupError\000"
 2081      6F636B53 
 2081      74617274 
 2081      75704572 
 2081      726F7200 
 2082              	.LASF33:
 2083 0085 64657374 		.ascii	"dest\000"
 2083      00
 2084              	.LASF44:
 2085 008a 6366675F 		.ascii	"cfg_memset_list\000"
 2085      6D656D73 
 2085      65745F6C 
 2085      69737400 
 2086              	.LASF42:
 2087 009a 73697A65 		.ascii	"size\000"
 2087      00
 2088              	.LASF49:
 2089 009f 474E5520 		.ascii	"GNU C11 5.4.1 20160609 (release) [ARM/embedded-5-br"
 2089      43313120 
 2089      352E342E 
 2089      31203230 
 2089      31363036 
 2090 00d2 616E6368 		.ascii	"anch revision 237715] -mcpu=cortex-m3 -mthumb -g -O"
 2090      20726576 
 2090      6973696F 
 2090      6E203233 
 2090      37373135 
 2091 0105 67202D66 		.ascii	"g -ffunction-sections -ffat-lto-objects\000"
 2091      66756E63 
 2091      74696F6E 
 2091      2D736563 
 2091      74696F6E 
 2092              	.LASF8:
 2093 012d 6C6F6E67 		.ascii	"long unsigned int\000"
 2093      20756E73 
 2093      69676E65 
 2093      6420696E 
 2093      7400
ARM GAS  C:\Users\lenovo\AppData\Local\Temp\cc6ILcy0.s 			page 47


 2094              	.LASF13:
 2095 013f 75696E74 		.ascii	"uint8\000"
 2095      3800
 2096              	.LASF29:
 2097 0145 43594D45 		.ascii	"CYMEMZERO\000"
 2097      4D5A4552 
 2097      4F00
 2098              	.LASF39:
 2099 014f 53657441 		.ascii	"SetAnalogRoutingPumps\000"
 2099      6E616C6F 
 2099      67526F75 
 2099      74696E67 
 2099      50756D70 
 2100              	.LASF4:
 2101 0165 756E7369 		.ascii	"unsigned char\000"
 2101      676E6564 
 2101      20636861 
 2101      7200
 2102              	.LASF45:
 2103 0173 6D656D73 		.ascii	"memset\000"
 2103      657400
 2104              	.LASF17:
 2105 017a 646F7562 		.ascii	"double\000"
 2105      6C6500
 2106              	.LASF28:
 2107 0181 6366675F 		.ascii	"cfg_write_bytes32\000"
 2107      77726974 
 2107      655F6279 
 2107      74657333 
 2107      3200
 2108              	.LASF40:
 2109 0193 63796669 		.ascii	"cyfitter_cfg\000"
 2109      74746572 
 2109      5F636667 
 2109      00
 2110              	.LASF24:
 2111 01a0 61646472 		.ascii	"addr_table\000"
 2111      5F746162 
 2111      6C6500
 2112              	.LASF14:
 2113 01ab 75696E74 		.ascii	"uint16\000"
 2113      313600
 2114              	.LASF25:
 2115 01b2 64617461 		.ascii	"data_table\000"
 2115      5F746162 
 2115      6C6500
 2116              	.LASF23:
 2117 01bd 6572726F 		.ascii	"errorCode\000"
 2117      72436F64 
 2117      6500
 2118              	.LASF15:
 2119 01c7 75696E74 		.ascii	"uint32\000"
 2119      333200
 2120              	.LASF0:
 2121 01ce 756E7369 		.ascii	"unsigned int\000"
 2121      676E6564 
 2121      20696E74 
ARM GAS  C:\Users\lenovo\AppData\Local\Temp\cc6ILcy0.s 			page 48


 2121      00
 2122              	.LASF41:
 2123 01db 61646472 		.ascii	"address\000"
 2123      65737300 
 2124              	.LASF9:
 2125 01e3 6C6F6E67 		.ascii	"long long unsigned int\000"
 2125      206C6F6E 
 2125      6720756E 
 2125      7369676E 
 2125      65642069 
 2126              	.LASF51:
 2127 01fa 433A5C55 		.ascii	"C:\\Users\\lenovo\\Desktop\\Embedded_Systems\\PSOC\\"
 2127      73657273 
 2127      5C6C656E 
 2127      6F766F5C 
 2127      4465736B 
 2128 0228 45787065 		.ascii	"Experiments\\Design01.cydsn\000"
 2128      72696D65 
 2128      6E74735C 
 2128      44657369 
 2128      676E3031 
 2129              	.LASF43:
 2130 0243 6366675F 		.ascii	"cfg_memset_t\000"
 2130      6D656D73 
 2130      65745F74 
 2130      00
 2131              	.LASF26:
 2132 0250 62617365 		.ascii	"baseAddr\000"
 2132      41646472 
 2132      00
 2133              	.LASF10:
 2134 0259 73697A65 		.ascii	"sizetype\000"
 2134      74797065 
 2134      00
 2135              	.LASF1:
 2136 0262 6C6F6E67 		.ascii	"long long int\000"
 2136      206C6F6E 
 2136      6720696E 
 2136      7400
 2137              	.LASF50:
 2138 0270 47656E65 		.ascii	"Generated_Source\\PSoC5\\cyfitter_cfg.c\000"
 2138      72617465 
 2138      645F536F 
 2138      75726365 
 2138      5C50536F 
 2139              	.LASF47:
 2140 0296 43794465 		.ascii	"CyDelayUs\000"
 2140      6C617955 
 2140      7300
 2141              	.LASF46:
 2142 02a0 6D656D63 		.ascii	"memcpy\000"
 2142      707900
 2143              	.LASF22:
 2144 02a7 63795F63 		.ascii	"cy_cfg_addrvalue_t\000"
 2144      66675F61 
 2144      64647276 
 2144      616C7565 
ARM GAS  C:\Users\lenovo\AppData\Local\Temp\cc6ILcy0.s 			page 49


 2144      5F7400
 2145              	.LASF20:
 2146 02ba 6F666673 		.ascii	"offset\000"
 2146      657400
 2147              	.LASF5:
 2148 02c1 73686F72 		.ascii	"short int\000"
 2148      7420696E 
 2148      7400
 2149              	.LASF37:
 2150 02cb 656E6162 		.ascii	"enabled\000"
 2150      6C656400 
 2151              	.LASF7:
 2152 02d3 6C6F6E67 		.ascii	"long int\000"
 2152      20696E74 
 2152      00
 2153              	.LASF11:
 2154 02dc 63686172 		.ascii	"char\000"
 2154      00
 2155              	.LASF2:
 2156 02e1 6C6F6E67 		.ascii	"long double\000"
 2156      20646F75 
 2156      626C6500 
 2157              	.LASF31:
 2158 02ed 62675F78 		.ascii	"bg_xover_inl_trim\000"
 2158      6F766572 
 2158      5F696E6C 
 2158      5F747269 
 2158      6D00
 2159              	.LASF3:
 2160 02ff 7369676E 		.ascii	"signed char\000"
 2160      65642063 
 2160      68617200 
 2161              	.LASF38:
 2162 030b 72656756 		.ascii	"regValue\000"
 2162      616C7565 
 2162      00
 2163              	.LASF32:
 2164 0314 4359434F 		.ascii	"CYCONFIGCPY\000"
 2164      4E464947 
 2164      43505900 
 2165              		.ident	"GCC: (GNU Tools for ARM Embedded Processors) 5.4.1 20160609 (release) [ARM/embedded-5-bran
